league,season,game,date,status,leg,home_team,away_team,home_id,away_id,home_code,away_code,prob_home,prob_away,prob_tie,round,matchday,score_home,score_away,adj_score_home,adj_score_away,chances_home,chances_away,moves_home,moves_away,aggregate_winner,shootout_winner
ENG-Premier League,2021,2020-09-12 Crystal Palace-Southampton,2020-09-12 14:00:00+00:00,post,,Crystal Palace,Southampton,384,376,CRY,SOU,0.36979,0.35311,0.2771,,,1,0,1.05,0,1.507,1.16,0.943,1.652,,
ENG-Premier League,2021,2020-09-12 Fulham-Arsenal,2020-09-12 11:30:00+00:00,post,,Fulham,Arsenal,370,359,FUL,ARS,0.28167,0.46081,0.25752,,,0,3,0,3.15,0.141,2.989,0.27,1.528,,
ENG-Premier League,2021,2020-09-12 Liverpool-Leeds United,2020-09-12 16:30:00+00:00,post,,Liverpool,Leeds United,364,357,LIV,LEE,0.83582,0.04384,0.12034,,,4,3,4.2,3.15,3.328,0.368,3.006,0.747,,
ENG-Premier League,2021,2020-09-12 West Ham United-Newcastle,2020-09-12 19:00:00+00:00,post,,West Ham United,Newcastle,371,361,WHU,NEW,0.48865,0.25556,0.25579,,,0,2,0,1.666,0.973,1.475,1.103,1.86,,
ENG-Premier League,2021,2020-09-13 Tottenham Hotspur-Everton,2020-09-13 15:30:00+00:00,post,,Tottenham Hotspur,Everton,367,368,TOT,EVE,0.50235,0.24434,0.25331,,,0,1,0,1.05,1.029,1.109,1.316,1.11,,
ENG-Premier League,2021,2020-09-13 West Bromwich Albion-Leicester City,2020-09-13 13:00:00+00:00,post,,West Bromwich Albion,Leicester City,383,375,WBA,LEI,0.23915,0.50128,0.25957,,,0,3,0,2.717,0.414,2.852,0.46,0.66,,
ENG-Premier League,2021,2020-09-14 Brighton and Hove Albion-Chelsea,2020-09-14 19:15:00+00:00,post,,Brighton and Hove Albion,Chelsea,331,363,BHA,CHE,0.19444,0.58064,0.22493,,,1,3,1.05,3.15,1.849,1.237,0.978,0.57,,
ENG-Premier League,2021,2020-09-14 Sheffield United-Wolverhampton,2020-09-14 17:00:00+00:00,post,,Sheffield United,Wolverhampton,398,380,SHEF,WOL,0.31555,0.38203,0.30242,,,0,2,0,2.1,0.941,1.803,1.753,0.946,,
ENG-Premier League,2021,2020-09-19 Arsenal-West Ham United,2020-09-19 19:00:00+00:00,post,,Arsenal,West Ham United,359,371,ARS,WHU,0.57075,0.20099,0.22826,,,2,1,2.1,1.05,1.327,2.151,2.372,1.014,,
ENG-Premier League,2021,2020-09-19 Everton-West Bromwich Albion,2020-09-19 11:30:00+00:00,post,,Everton,West Bromwich Albion,368,383,EVE,WBA,0.56625,0.18174,0.25201,,,5,2,4.62,2.1,3.484,0.349,2.506,0.815,,
ENG-Premier League,2021,2020-09-19 Leeds United-Fulham,2020-09-19 14:00:00+00:00,post,,Leeds United,Fulham,357,370,LEE,FUL,0.45094,0.27829,0.27077,,,4,3,4.2,3.15,1.32,1.594,0.869,1.082,,
ENG-Premier League,2021,2020-09-19 Manchester United-Crystal Palace,2020-09-19 16:30:00+00:00,post,,Manchester United,Crystal Palace,360,384,MAN,CRY,0.70967,0.09626,0.19408,,,1,3,1.05,2.674,1.286,1.923,2.208,0.584,,
ENG-Premier League,2021,2020-09-20 Chelsea-Liverpool,2020-09-20 15:30:00+00:00,post,,Chelsea,Liverpool,363,364,CHE,LIV,0.33589,0.4314,0.23271,,,0,2,0,1.68,0.941,1.744,0.436,2.608,,
ENG-Premier League,2021,2020-09-20 Leicester City-Burnley,2020-09-20 18:00:00+00:00,post,,Leicester City,Burnley,375,379,LEI,BRN,0.57836,0.17612,0.24552,,,4,2,3.987,2.1,1.025,1.708,2.231,1.698,,
ENG-Premier League,2021,2020-09-20 Newcastle-Brighton and Hove Albion,2020-09-20 13:00:00+00:00,post,,Newcastle,Brighton and Hove Albion,361,331,NEW,BHA,0.39499,0.32354,0.28146,,,0,3,0,2.811,0.56,1.879,0.621,0.447,,
ENG-Premier League,2021,2020-09-20 Southampton-Tottenham Hotspur,2020-09-20 11:00:00+00:00,post,,Southampton,Tottenham Hotspur,376,367,SOU,TOT,0.34953,0.38827,0.2622,,,2,5,2.1,4.9,2.294,2.92,0.702,0.849,,
ENG-Premier League,2021,2020-09-21 Aston Villa-Sheffield United,2020-09-21 17:00:00+00:00,post,,Aston Villa,Sheffield United,362,398,AVL,SHEF,0.40851,0.30704,0.28445,,,1,0,0.84,0,0.94,0.9,2.544,0.323,,
ENG-Premier League,2021,2020-09-21 Wolverhampton-Manchester City,2020-09-21 19:15:00+00:00,post,,Wolverhampton,Manchester City,380,382,WOL,MNC,0.15485,0.63413,0.21102,,,1,3,1.05,2.625,0.761,2.188,0.903,1.216,,
ENG-Premier League,2021,2020-09-26 Brighton and Hove Albion-Manchester United,2020-09-26 11:30:00+00:00,post,,Brighton and Hove Albion,Manchester United,331,360,BHA,MAN,0.2135,0.54443,0.24208,,,2,3,2.1,3.15,2.976,1.598,2.379,1.162,,
ENG-Premier League,2021,2020-09-26 Burnley-Southampton,2020-09-26 19:00:00+00:00,post,,Burnley,Southampton,379,376,BRN,SOU,0.40482,0.33212,0.26306,,,0,1,0,1.05,0.465,0.703,1.315,0.787,,
ENG-Premier League,2021,2020-09-26 Crystal Palace-Everton,2020-09-26 14:00:00+00:00,post,,Crystal Palace,Everton,384,368,CRY,EVE,0.3302,0.39282,0.27698,,,1,2,1.05,2.1,0.704,2.381,1.003,0.973,,
ENG-Premier League,2021,2020-09-26 West Bromwich Albion-Chelsea,2020-09-26 16:30:00+00:00,post,,West Bromwich Albion,Chelsea,383,363,WBA,CHE,0.15283,0.64425,0.20292,,,3,3,3.15,3.15,0.792,2.492,0.747,2.271,,
ENG-Premier League,2021,2020-09-27 Manchester City-Leicester City,2020-09-27 15:30:00+00:00,post,,Manchester City,Leicester City,382,375,MNC,LEI,0.74245,0.0957,0.16184,,,2,5,2.1,4.631,1.397,2.977,1.371,0.414,,
ENG-Premier League,2021,2020-09-27 Sheffield United-Leeds United,2020-09-27 11:00:00+00:00,post,,Sheffield United,Leeds United,398,357,SHEF,LEE,0.44535,0.27927,0.27538,,,0,1,0,1.05,1.602,1.293,1.804,1.696,,
ENG-Premier League,2021,2020-09-27 Tottenham Hotspur-Newcastle,2020-09-27 13:00:00+00:00,post,,Tottenham Hotspur,Newcastle,367,361,TOT,NEW,0.60358,0.16767,0.22875,,,1,1,1.05,1.05,3.644,0.982,2.351,0.642,,
ENG-Premier League,2021,2020-09-27 West Ham United-Wolverhampton,2020-09-27 18:00:00+00:00,post,,West Ham United,Wolverhampton,371,380,WHU,WOL,0.3324,0.39328,0.27432,,,4,0,3.675,0,2.948,0.465,1.044,1.008,,
ENG-Premier League,2021,2020-09-28 Fulham-Aston Villa,2020-09-28 16:45:00+00:00,post,,Fulham,Aston Villa,370,362,FUL,AVL,0.37302,0.35214,0.27484,,,0,3,0,3.15,0.626,2.032,2.118,1.899,,
ENG-Premier League,2021,2020-09-28 Liverpool-Arsenal,2020-09-28 19:00:00+00:00,post,,Liverpool,Arsenal,364,359,LIV,ARS,0.65997,0.14678,0.19325,,,3,1,2.69,1.05,2.876,1.452,1.683,0.56,,
ENG-Premier League,2021,2020-10-03 Chelsea-Crystal Palace,2020-10-03 11:30:00+00:00,post,,Chelsea,Crystal Palace,363,384,CHE,CRY,0.67327,0.12725,0.19948,,,4,0,3.707,0,2.726,0.152,1.215,0.932,,
ENG-Premier League,2021,2020-10-03 Everton-Brighton and Hove Albion,2020-10-03 14:00:00+00:00,post,,Everton,Brighton and Hove Albion,368,331,EVE,BHA,0.50983,0.23575,0.25442,,,4,2,4.2,2.1,2.867,1.262,1.788,1.64,,
ENG-Premier League,2021,2020-10-03 Leeds United-Manchester City,2020-10-03 16:30:00+00:00,post,,Leeds United,Manchester City,357,382,LEE,MNC,0.08726,0.77102,0.14172,,,1,1,1.05,1.05,2.55,1.562,1.528,2.905,,
ENG-Premier League,2021,2020-10-03 Newcastle-Burnley,2020-10-03 19:00:00+00:00,post,,Newcastle,Burnley,361,379,NEW,BRN,0.37699,0.34105,0.28196,,,3,1,2.983,1.05,1.957,0.557,1.097,1.45,,
ENG-Premier League,2021,2020-10-04 Arsenal-Sheffield United,2020-10-04 13:00:00+00:00,post,,Arsenal,Sheffield United,359,398,ARS,SHEF,0.58152,0.17719,0.24129,,,2,1,2.1,1.05,0.61,0.2,0.802,0.725,,
ENG-Premier League,2021,2020-10-04 Aston Villa-Liverpool,2020-10-04 18:15:00+00:00,post,,Aston Villa,Liverpool,362,364,AVL,LIV,0.12005,0.69995,0.18,,,7,2,7.226,2.1,3.23,2.015,1.401,2.22,,
ENG-Premier League,2021,2020-10-04 Leicester City-West Ham United,2020-10-04 11:00:00+00:00,post,,Leicester City,West Ham United,375,371,LEI,WHU,0.59333,0.18749,0.21919,,,0,3,0,2.822,0.578,2.064,0.98,1.263,,
ENG-Premier League,2021,2020-10-04 Manchester United-Tottenham Hotspur,2020-10-04 15:30:00+00:00,post,,Manchester United,Tottenham Hotspur,360,367,MAN,TOT,0.52112,0.24597,0.2329,,,1,6,1.05,5.29,0.927,3.748,0.852,1.462,,
ENG-Premier League,2021,2020-10-04 Southampton-West Bromwich Albion,2020-10-04 11:00:00+00:00,post,,Southampton,West Bromwich Albion,376,383,SOU,WBA,0.55607,0.20392,0.24001,,,2,0,2.1,0,0.978,0.182,0.834,0.572,,
ENG-Premier League,2021,2020-10-04 Wolverhampton-Fulham,2020-10-04 13:00:00+00:00,post,,Wolverhampton,Fulham,380,370,WOL,FUL,0.56361,0.18432,0.25207,,,1,0,1.05,0,1.102,0.957,0.902,1.115,,
ENG-Premier League,2021,2020-10-17 Chelsea-Southampton,2020-10-17 14:00:00+00:00,post,,Chelsea,Southampton,363,376,CHE,SOU,0.63718,0.1561,0.20672,,,3,3,3.15,3.15,1.57,1.62,1.994,1.099,,
ENG-Premier League,2021,2020-10-17 Everton-Liverpool,2020-10-17 11:30:00+00:00,post,,Everton,Liverpool,368,364,EVE,LIV,0.24613,0.53527,0.21861,,,2,2,2.1,2.1,1.435,3.003,1.174,2.101,,
ENG-Premier League,2021,2020-10-17 Manchester City-Arsenal,2020-10-17 16:30:00+00:00,post,,Manchester City,Arsenal,382,359,MNC,ARS,0.69427,0.12913,0.1766,,,1,0,1.05,0,1.568,0.802,1.466,0.695,,
ENG-Premier League,2021,2020-10-17 Newcastle-Manchester United,2020-10-17 19:00:00+00:00,post,,Newcastle,Manchester United,361,360,NEW,MAN,0.22543,0.54159,0.23298,,,1,4,1.05,3.154,0.861,2.301,0.988,2.135,,
ENG-Premier League,2021,2020-10-18 Crystal Palace-Brighton and Hove Albion,2020-10-18 13:00:00+00:00,post,,Crystal Palace,Brighton and Hove Albion,384,331,CRY,BHA,0.38343,0.34197,0.2746,,,1,1,1.05,1.05,0.761,1.493,0.242,2.139,,
ENG-Premier League,2021,2020-10-18 Leicester City-Aston Villa,2020-10-18 18:15:00+00:00,post,,Leicester City,Aston Villa,375,362,LEI,AVL,0.54235,0.22344,0.23421,,,0,1,0,1.05,0.645,0.967,1.045,2.178,,
ENG-Premier League,2021,2020-10-18 Sheffield United-Fulham,2020-10-18 11:00:00+00:00,post,,Sheffield United,Fulham,398,370,SHEF,FUL,0.47388,0.24657,0.27955,,,1,1,1.05,1.05,1.662,1.466,0.776,1.517,,
ENG-Premier League,2021,2020-10-18 Tottenham Hotspur-West Ham United,2020-10-18 15:30:00+00:00,post,,Tottenham Hotspur,West Ham United,367,371,TOT,WHU,0.55879,0.21701,0.2242,,,3,3,3.15,3.15,2.101,1.35,1.146,1.475,,
ENG-Premier League,2021,2020-10-19 Leeds United-Wolverhampton,2020-10-19 19:00:00+00:00,post,,Leeds United,Wolverhampton,357,380,LEE,WOL,0.33423,0.3881,0.27768,,,0,1,0,1.05,1.193,0.692,1.987,0.66,,
ENG-Premier League,2021,2020-10-19 West Bromwich Albion-Burnley,2020-10-19 16:30:00+00:00,post,,West Bromwich Albion,Burnley,383,379,WBA,BRN,0.32784,0.39685,0.2753,,,0,0,0,0,0.812,1.2,0.855,0.761,,
ENG-Premier League,2021,2020-10-23 Aston Villa-Leeds United,2020-10-23 19:00:00+00:00,post,,Aston Villa,Leeds United,362,357,AVL,LEE,0.52797,0.23045,0.24158,,,0,3,0,3.07,1.556,2.269,1.289,2.958,,
ENG-Premier League,2021,2020-10-24 Fulham-Crystal Palace,2020-10-24 14:00:00+00:00,post,,Fulham,Crystal Palace,370,384,FUL,CRY,0.38585,0.33259,0.28155,,,1,2,1.05,2.1,0.987,2.501,1.983,1.355,,
ENG-Premier League,2021,2020-10-24 Liverpool-Sheffield United,2020-10-24 19:00:00+00:00,post,,Liverpool,Sheffield United,364,398,LIV,SHEF,0.80142,0.05951,0.13907,,,2,1,2.1,1.05,2.958,1.451,1.67,1.609,,
ENG-Premier League,2021,2020-10-24 Manchester United-Chelsea,2020-10-24 16:30:00+00:00,post,,Manchester United,Chelsea,360,363,MAN,CHE,0.42309,0.34112,0.23579,,,0,0,0,0,0.838,0.224,1.16,0.235,,
ENG-Premier League,2021,2020-10-24 West Ham United-Manchester City,2020-10-24 11:30:00+00:00,post,,West Ham United,Manchester City,371,382,WHU,MNC,0.16227,0.65014,0.18759,,,1,1,1.05,1.05,0.282,1.099,0.633,1.373,,
ENG-Premier League,2021,2020-10-25 Arsenal-Leicester City,2020-10-25 19:15:00+00:00,post,,Arsenal,Leicester City,359,375,ARS,LEI,0.42186,0.31878,0.25936,,,0,1,0,1.05,0.968,0.755,1.407,0.322,,
ENG-Premier League,2021,2020-10-25 Southampton-Everton,2020-10-25 14:00:00+00:00,post,,Southampton,Everton,376,368,SOU,EVE,0.35451,0.38868,0.2568,,,2,0,2.1,0,0.634,0.462,1.558,0.559,,
ENG-Premier League,2021,2020-10-25 Wolverhampton-Newcastle,2020-10-25 16:30:00+00:00,post,,Wolverhampton,Newcastle,380,361,WOL,NEW,0.52047,0.20828,0.27125,,,1,1,1.05,1.05,0.877,0.282,0.759,0.492,,
ENG-Premier League,2021,2020-10-26 Brighton and Hove Albion-West Bromwich Albion,2020-10-26 17:30:00+00:00,post,,Brighton and Hove Albion,West Bromwich Albion,331,383,BHA,WBA,0.56004,0.19437,0.2456,,,1,1,1.05,1.05,0.635,0.383,0.956,0.951,,
ENG-Premier League,2021,2020-10-26 Burnley-Tottenham Hotspur,2020-10-26 20:00:00+00:00,post,,Burnley,Tottenham Hotspur,379,367,BRN,TOT,0.25863,0.49389,0.24748,,,0,1,0,1.05,1.175,1.109,1.12,1.216,,
ENG-Premier League,2021,2020-10-30 Wolverhampton-Crystal Palace,2020-10-30 20:00:00+00:00,post,,Wolverhampton,Crystal Palace,380,384,WOL,CRY,0.49313,0.22148,0.28538,,,2,0,2.1,0,1.643,0.879,1.952,1.015,,
ENG-Premier League,2021,2020-10-31 Burnley-Chelsea,2020-10-31 15:00:00+00:00,post,,Burnley,Chelsea,379,363,BRN,CHE,0.21601,0.54053,0.24346,,,0,3,0,3.15,0.457,1.295,0.867,1.773,,
ENG-Premier League,2021,2020-10-31 Liverpool-West Ham United,2020-10-31 17:30:00+00:00,post,,Liverpool,West Ham United,364,371,LIV,WHU,0.65178,0.15941,0.18881,,,2,1,2.1,1.05,1.692,0.336,1.579,0.297,,
ENG-Premier League,2021,2020-10-31 Sheffield United-Manchester City,2020-10-31 12:30:00+00:00,post,,Sheffield United,Manchester City,398,382,SHEF,MNC,0.10124,0.72292,0.17584,,,0,1,0,1.05,0.652,1.76,0.406,1.899,,
ENG-Premier League,2021,2020-11-01 Aston Villa-Southampton,2020-11-01 12:00:00+00:00,post,,Aston Villa,Southampton,362,376,AVL,SOU,0.40483,0.33707,0.2581,,,3,4,3.15,4.2,2.317,0.868,1.94,0.659,,
ENG-Premier League,2021,2020-11-01 Manchester United-Arsenal,2020-11-01 16:30:00+00:00,post,,Manchester United,Arsenal,360,359,MAN,ARS,0.51825,0.24083,0.24092,,,0,1,0,1.05,0.358,1.053,1.604,1.132,,
ENG-Premier League,2021,2020-11-01 Newcastle-Everton,2020-11-01 14:00:00+00:00,post,,Newcastle,Everton,361,368,NEW,EVE,0.292,0.44505,0.26295,,,2,1,1.738,1.05,2.265,1.386,0.98,1.647,,
ENG-Premier League,2021,2020-11-01 Tottenham Hotspur-Brighton and Hove Albion,2020-11-01 19:15:00+00:00,post,,Tottenham Hotspur,Brighton and Hove Albion,367,331,TOT,BHA,0.57571,0.19524,0.22905,,,2,1,2.1,1.05,2.138,0.313,0.666,1.211,,
ENG-Premier League,2021,2020-11-02 Fulham-West Bromwich Albion,2020-11-02 17:30:00+00:00,post,,Fulham,West Bromwich Albion,370,383,FUL,WBA,0.43986,0.28594,0.2742,,,2,0,2.1,0,1.465,0.54,0.787,0.918,,
ENG-Premier League,2021,2020-11-02 Leeds United-Leicester City,2020-11-02 20:00:00+00:00,post,,Leeds United,Leicester City,357,375,LEE,LEI,0.2881,0.46019,0.25171,,,1,4,1.05,3.535,1.233,3.031,1.529,1.75,,
ENG-Premier League,2021,2020-11-06 Brighton and Hove Albion-Burnley,2020-11-06 17:30:00+00:00,post,,Brighton and Hove Albion,Burnley,331,379,BHA,BRN,0.4592,0.26608,0.27472,,,0,0,0,0,1.677,0.386,2.361,0.796,,
ENG-Premier League,2021,2020-11-06 Southampton-Newcastle,2020-11-06 20:00:00+00:00,post,,Southampton,Newcastle,376,361,SOU,NEW,0.51831,0.22987,0.25183,,,2,0,1.806,0,0.945,0.291,1.124,0.627,,
ENG-Premier League,2021,2020-11-07 Chelsea-Sheffield United,2020-11-07 17:30:00+00:00,post,,Chelsea,Sheffield United,363,398,CHE,SHEF,0.68609,0.11047,0.20344,,,4,1,3.779,1.05,2.814,0.676,1.982,0.317,,
ENG-Premier League,2021,2020-11-07 Crystal Palace-Leeds United,2020-11-07 15:00:00+00:00,post,,Crystal Palace,Leeds United,384,357,CRY,LEE,0.40424,0.33038,0.26538,,,4,1,4.2,1.05,1.262,0.967,1.053,1.36,,
ENG-Premier League,2021,2020-11-07 Everton-Manchester United,2020-11-07 12:30:00+00:00,post,,Everton,Manchester United,368,360,EVE,MAN,0.31386,0.43679,0.24935,,,1,3,1.05,2.625,0.479,1.765,1.373,1.482,,
ENG-Premier League,2021,2020-11-07 West Ham United-Fulham,2020-11-07 20:00:00+00:00,post,,West Ham United,Fulham,371,370,WHU,FUL,0.55187,0.20989,0.23824,,,1,0,1.05,0,1.411,1.743,1.672,1.403,,
ENG-Premier League,2021,2020-11-08 Arsenal-Aston Villa,2020-11-08 19:15:00+00:00,post,,Arsenal,Aston Villa,359,362,ARS,AVL,0.56299,0.20396,0.23305,,,0,3,0,2.997,1.695,1.705,1.437,1.598,,
ENG-Premier League,2021,2020-11-08 Leicester City-Wolverhampton,2020-11-08 14:00:00+00:00,post,,Leicester City,Wolverhampton,375,380,LEI,WOL,0.52832,0.2098,0.26188,,,1,0,1.05,0,1.984,0.657,0.554,1.233,,
ENG-Premier League,2021,2020-11-08 Manchester City-Liverpool,2020-11-08 16:30:00+00:00,post,,Manchester City,Liverpool,382,364,MNC,LIV,0.52774,0.25374,0.21853,,,1,1,1.05,1.05,1.731,1.191,0.891,1.04,,
ENG-Premier League,2021,2020-11-08 West Bromwich Albion-Tottenham Hotspur,2020-11-08 12:00:00+00:00,post,,West Bromwich Albion,Tottenham Hotspur,383,367,WBA,TOT,0.1702,0.60955,0.22025,,,0,1,0,1.05,0.772,2.45,1.379,1.827,,
ENG-Premier League,2021,2020-11-21 Aston Villa-Brighton and Hove Albion,2020-11-21 15:00:00+00:00,post,,Aston Villa,Brighton and Hove Albion,362,331,AVL,BHA,0.46047,0.28809,0.25144,,,1,2,1.05,2.1,2.284,1.334,1.145,0.743,,
ENG-Premier League,2021,2020-11-21 Manchester United-West Bromwich Albion,2020-11-21 20:00:00+00:00,post,,Manchester United,West Bromwich Albion,360,383,MAN,WBA,0.78109,0.06172,0.15719,,,1,0,1.05,0,2.499,0.394,2.542,0.593,,
ENG-Premier League,2021,2020-11-21 Newcastle-Chelsea,2020-11-21 12:30:00+00:00,post,,Newcastle,Chelsea,361,363,NEW,CHE,0.16551,0.61636,0.21813,,,0,2,0,2.1,0.405,1.769,0.646,1.209,,
ENG-Premier League,2021,2020-11-21 Tottenham Hotspur-Manchester City,2020-11-21 17:30:00+00:00,post,,Tottenham Hotspur,Manchester City,367,382,TOT,MNC,0.24677,0.52552,0.22771,,,2,0,2.1,0,0.872,2.306,0.613,2.481,,
ENG-Premier League,2021,2020-11-22 Fulham-Everton,2020-11-22 12:00:00+00:00,post,,Fulham,Everton,370,368,FUL,EVE,0.30893,0.43263,0.25844,,,2,3,2.1,3.15,2.087,2.144,1.803,1.946,,
ENG-Premier League,2021,2020-11-22 Leeds United-Arsenal,2020-11-22 16:30:00+00:00,post,,Leeds United,Arsenal,357,359,LEE,ARS,0.2822,0.46814,0.24966,,,0,0,0,0,2.057,0.837,1.995,0.915,,
ENG-Premier League,2021,2020-11-22 Liverpool-Leicester City,2020-11-22 19:15:00+00:00,post,,Liverpool,Leicester City,364,375,LIV,LEI,0.58037,0.20447,0.21516,,,3,0,2.736,0,4.83,1.935,2.227,1.155,,
ENG-Premier League,2021,2020-11-22 Sheffield United-West Ham United,2020-11-22 14:00:00+00:00,post,,Sheffield United,West Ham United,398,371,SHEF,WHU,0.34573,0.3773,0.27697,,,0,1,0,1.05,0.792,2.264,0.918,2.072,,
ENG-Premier League,2021,2020-11-23 Burnley-Crystal Palace,2020-11-23 17:30:00+00:00,post,,Burnley,Crystal Palace,379,384,BRN,CRY,0.43437,0.2794,0.28623,,,1,0,1.05,0,1.693,1.317,1.162,2.126,,
ENG-Premier League,2021,2020-11-23 Wolverhampton-Southampton,2020-11-23 20:00:00+00:00,post,,Wolverhampton,Southampton,380,376,WOL,SOU,0.41627,0.29662,0.2871,,,1,1,1.05,1.05,1.753,1.185,1.281,1.49,,
ENG-Premier League,2021,2020-11-27 Crystal Palace-Newcastle,2020-11-27 20:00:00+00:00,post,,Crystal Palace,Newcastle,384,361,CRY,NEW,0.44101,0.27792,0.28106,,,0,2,0,1.601,0.6,1.401,1.967,1.051,,
ENG-Premier League,2021,2020-11-28 Brighton and Hove Albion-Liverpool,2020-11-28 12:30:00+00:00,post,,Brighton and Hove Albion,Liverpool,331,364,BHA,LIV,0.18198,0.60861,0.20942,,,1,1,1.05,1.05,2.155,0.336,1.265,0.62,,
ENG-Premier League,2021,2020-11-28 Everton-Leeds United,2020-11-28 17:30:00+00:00,post,,Everton,Leeds United,368,357,EVE,LEE,0.50992,0.25317,0.23691,,,0,1,0,1.05,1.599,3.174,1.784,1.984,,
ENG-Premier League,2021,2020-11-28 Manchester City-Burnley,2020-11-28 15:00:00+00:00,post,,Manchester City,Burnley,382,379,MNC,BRN,0.8416,0.03822,0.12018,,,5,0,5.25,0,2.229,0.397,2.167,0.745,,
ENG-Premier League,2021,2020-11-28 West Bromwich Albion-Sheffield United,2020-11-28 20:00:00+00:00,post,,West Bromwich Albion,Sheffield United,383,398,WBA,SHEF,0.34367,0.35293,0.3034,,,1,0,1.05,0,1.662,3.362,1.194,2.238,,
ENG-Premier League,2021,2020-11-29 Arsenal-Wolverhampton,2020-11-29 19:15:00+00:00,post,,Arsenal,Wolverhampton,359,380,ARS,WOL,0.48729,0.23155,0.28115,,,1,2,1.05,2.1,1.237,2.162,1.679,1.236,,
ENG-Premier League,2021,2020-11-29 Chelsea-Tottenham Hotspur,2020-11-29 16:30:00+00:00,post,,Chelsea,Tottenham Hotspur,363,367,CHE,TOT,0.47509,0.2864,0.23851,,,0,0,0,0,0.998,0.215,1.083,0.887,,
ENG-Premier League,2021,2020-11-29 Southampton-Manchester United,2020-11-29 14:00:00+00:00,post,,Southampton,Manchester United,376,360,SOU,MAN,0.27736,0.47614,0.2465,,,2,3,2.1,3.15,0.48,2.818,0.391,1.808,,
ENG-Premier League,2021,2020-11-30 Leicester City-Fulham,2020-11-30 17:30:00+00:00,post,,Leicester City,Fulham,375,370,LEI,FUL,0.64204,0.15145,0.20652,,,1,2,1.05,2.1,1.521,1.919,1.408,1.07,,
ENG-Premier League,2021,2020-11-30 West Ham United-Aston Villa,2020-11-30 20:00:00+00:00,post,,West Ham United,Aston Villa,371,362,WHU,AVL,0.45004,0.30421,0.24576,,,2,1,2.1,1.05,0.712,2.485,0.581,1.845,,
ENG-Premier League,2021,2020-12-05 Burnley-Everton,2020-12-05 12:30:00+00:00,post,,Burnley,Everton,379,368,BRN,EVE,0.35815,0.37274,0.26911,,,1,1,1.05,1.05,0.849,2.27,1.023,1.295,,
ENG-Premier League,2021,2020-12-05 Chelsea-Leeds United,2020-12-05 20:00:00+00:00,post,,Chelsea,Leeds United,363,357,CHE,LEE,0.70952,0.11101,0.17947,,,3,1,2.625,1.05,4.846,0.823,2.24,1.107,,
ENG-Premier League,2021,2020-12-05 Manchester City-Fulham,2020-12-05 15:00:00+00:00,post,,Manchester City,Fulham,382,370,MNC,FUL,0.87995,0.02848,0.09157,,,2,0,2.1,0,3.89,0.267,2.086,0.286,,
ENG-Premier League,2021,2020-12-05 West Ham United-Manchester United,2020-12-05 17:30:00+00:00,post,,West Ham United,Manchester United,371,360,WHU,MAN,0.27703,0.48041,0.24256,,,1,3,1.05,2.965,2.529,1.537,1.517,0.85,,
ENG-Premier League,2021,2020-12-06 Liverpool-Wolverhampton,2020-12-06 19:15:00+00:00,post,,Liverpool,Wolverhampton,364,380,LIV,WOL,0.63194,0.15084,0.21722,,,4,0,4.012,0,1.684,0.415,1.458,0.849,,
ENG-Premier League,2021,2020-12-06 Sheffield United-Leicester City,2020-12-06 14:15:00+00:00,post,,Sheffield United,Leicester City,398,375,SHEF,LEI,0.29006,0.44515,0.26478,,,1,2,1.05,2.1,0.226,1.651,0.893,0.882,,
ENG-Premier League,2021,2020-12-06 Tottenham Hotspur-Arsenal,2020-12-06 16:30:00+00:00,post,,Tottenham Hotspur,Arsenal,367,359,TOT,ARS,0.53363,0.22832,0.23805,,,2,0,2.1,0,0.429,0.806,0.246,2.204,,
ENG-Premier League,2021,2020-12-06 West Bromwich Albion-Crystal Palace,2020-12-06 12:00:00+00:00,post,,West Bromwich Albion,Crystal Palace,383,384,WBA,CRY,0.33835,0.37574,0.28591,,,1,5,1.05,4.164,0.611,1.535,0.886,2.641,,
ENG-Premier League,2021,2020-12-07 Brighton and Hove Albion-Southampton,2020-12-07 20:00:00+00:00,post,,Brighton and Hove Albion,Southampton,331,376,BHA,SOU,0.42249,0.31101,0.2665,,,1,2,1.05,2.1,2.108,1.403,1.171,1.064,,
ENG-Premier League,2021,2020-12-11 Leeds United-West Ham United,2020-12-11 20:00:00+00:00,post,,Leeds United,West Ham United,357,371,LEE,WHU,0.36384,0.38654,0.24963,,,1,2,1.05,2.1,1.47,1.954,1.488,1.666,,
ENG-Premier League,2021,2020-12-12 Everton-Chelsea,2020-12-12 20:00:00+00:00,post,,Everton,Chelsea,368,363,EVE,CHE,0.21901,0.55624,0.22475,,,1,0,1.05,0,1.14,1.051,0.796,1.737,,
ENG-Premier League,2021,2020-12-12 Manchester United-Manchester City,2020-12-12 17:30:00+00:00,post,,Manchester United,Manchester City,360,382,MAN,MNC,0.25072,0.52143,0.22786,,,0,0,0,0,0.627,1.843,0.764,1.122,,
ENG-Premier League,2021,2020-12-12 Newcastle-West Bromwich Albion,2020-12-12 15:00:00+00:00,post,,Newcastle,West Bromwich Albion,361,383,NEW,WBA,0.52182,0.2089,0.26928,,,2,1,2.1,1.05,0.986,0.748,1.335,0.708,,
ENG-Premier League,2021,2020-12-12 Wolverhampton-Aston Villa,2020-12-12 12:30:00+00:00,post,,Wolverhampton,Aston Villa,380,362,WOL,AVL,0.41717,0.31299,0.26984,,,0,1,0,1.05,1.286,1.384,1.175,1.134,,
ENG-Premier League,2021,2020-12-13 Arsenal-Burnley,2020-12-13 19:15:00+00:00,post,,Arsenal,Burnley,359,379,ARS,BRN,0.57244,0.18003,0.24752,,,0,1,0,0.84,2.243,1.152,2.31,0.736,,
ENG-Premier League,2021,2020-12-13 Crystal Palace-Tottenham Hotspur,2020-12-13 14:15:00+00:00,post,,Crystal Palace,Tottenham Hotspur,384,367,CRY,TOT,0.20564,0.55858,0.23577,,,1,1,1.05,1.05,1.737,1.577,2.068,1.019,,
ENG-Premier League,2021,2020-12-13 Fulham-Liverpool,2020-12-13 16:30:00+00:00,post,,Fulham,Liverpool,370,364,FUL,LIV,0.14726,0.66389,0.18886,,,1,1,1.05,1.05,1.541,2.038,0.933,1.229,,
ENG-Premier League,2021,2020-12-13 Leicester City-Brighton and Hove Albion,2020-12-13 19:15:00+00:00,post,,Leicester City,Brighton and Hove Albion,375,331,LEI,BHA,0.51073,0.23833,0.25094,,,3,0,3.15,0,1.765,0.885,1.409,0.875,,
ENG-Premier League,2021,2020-12-13 Southampton-Sheffield United,2020-12-13 12:00:00+00:00,post,,Southampton,Sheffield United,376,398,SOU,SHEF,0.51227,0.22649,0.26124,,,3,0,2.833,0,2.27,0.313,1.6,0.568,,
ENG-Premier League,2021,2020-12-15 Manchester City-West Bromwich Albion,2020-12-15 20:00:00+00:00,post,,Manchester City,West Bromwich Albion,382,383,MNC,WBA,0.92874,0.01006,0.0612,,,1,1,1.05,1.05,2.784,0.268,3.058,0.184,,
ENG-Premier League,2021,2020-12-15 Wolverhampton-Chelsea,2020-12-15 18:00:00+00:00,post,,Wolverhampton,Chelsea,380,363,WOL,CHE,0.21723,0.52313,0.25965,,,2,1,2.1,1.05,0.463,1.542,0.924,1.371,,
ENG-Premier League,2021,2020-12-16 Arsenal-Southampton,2020-12-16 18:00:00+00:00,post,,Arsenal,Southampton,359,376,ARS,SOU,0.46648,0.27764,0.25588,,,1,1,1.05,1.05,0.726,1.168,0.823,1.543,,
ENG-Premier League,2021,2020-12-16 Fulham-Brighton and Hove Albion,2020-12-16 20:00:00+00:00,post,,Fulham,Brighton and Hove Albion,370,331,FUL,BHA,0.35678,0.37337,0.26985,,,0,0,0,0,1.156,0.456,0.674,0.857,,
ENG-Premier League,2021,2020-12-16 Leeds United-Newcastle,2020-12-16 18:00:00+00:00,post,,Leeds United,Newcastle,357,361,LEE,NEW,0.46866,0.27196,0.25938,,,5,2,4.414,2.1,2.787,1.62,2.724,0.964,,
ENG-Premier League,2021,2020-12-16 Leicester City-Everton,2020-12-16 18:00:00+00:00,post,,Leicester City,Everton,375,368,LEI,EVE,0.51418,0.24497,0.24084,,,0,2,0,2.057,1.031,1.805,1.132,1.189,,
ENG-Premier League,2021,2020-12-16 Liverpool-Tottenham Hotspur,2020-12-16 20:00:00+00:00,post,,Liverpool,Tottenham Hotspur,364,367,LIV,TOT,0.50809,0.26031,0.23159,,,2,1,2.1,1.05,1.255,1.623,2.377,0.296,,
ENG-Premier League,2021,2020-12-16 West Ham United-Crystal Palace,2020-12-16 20:00:00+00:00,post,,West Ham United,Crystal Palace,371,384,WHU,CRY,0.51416,0.23725,0.2486,,,1,1,1.05,1.05,0.452,1.094,0.974,1.24,,
ENG-Premier League,2021,2020-12-17 Aston Villa-Burnley,2020-12-17 18:00:00+00:00,post,,Aston Villa,Burnley,362,379,AVL,BRN,0.54475,0.20893,0.24633,,,0,0,0,0,1.899,0.294,1.862,0.592,,
ENG-Premier League,2021,2020-12-17 Sheffield United-Manchester United,2020-12-17 20:00:00+00:00,post,,Sheffield United,Manchester United,398,360,SHEF,MAN,0.17559,0.59418,0.23023,,,2,3,2.1,3.15,1.326,1.83,1.47,1.094,,
ENG-Premier League,2021,2020-12-19 Crystal Palace-Liverpool,2020-12-19 12:30:00+00:00,post,,Crystal Palace,Liverpool,384,364,CRY,LIV,0.17643,0.61037,0.2132,,,0,7,0,6.724,0.585,3.205,0.752,1.567,,
ENG-Premier League,2021,2020-12-19 Everton-Arsenal,2020-12-19 17:30:00+00:00,post,,Everton,Arsenal,368,359,EVE,ARS,0.40336,0.33587,0.26077,,,2,1,2.1,1.05,0.643,1.368,0.693,1.524,,
ENG-Premier League,2021,2020-12-19 Newcastle-Fulham,2020-12-19 20:00:00+00:00,post,,Newcastle,Fulham,361,370,NEW,FUL,0.40052,0.32274,0.27675,,,1,1,0.84,1.05,1.185,1.176,0.736,1.414,,
ENG-Premier League,2021,2020-12-19 Southampton-Manchester City,2020-12-19 15:00:00+00:00,post,,Southampton,Manchester City,376,382,SOU,MNC,0.14381,0.65525,0.20093,,,0,1,0,1.05,0.671,1.263,1.078,1.233,,
ENG-Premier League,2021,2020-12-20 Brighton and Hove Albion-Sheffield United,2020-12-20 12:00:00+00:00,post,,Brighton and Hove Albion,Sheffield United,331,398,BHA,SHEF,0.50449,0.22247,0.27305,,,1,1,0.84,1.05,2.892,0.952,3.349,0.527,,
ENG-Premier League,2021,2020-12-20 Manchester United-Leeds United,2020-12-20 16:30:00+00:00,post,,Manchester United,Leeds United,360,357,MAN,LEE,0.66378,0.14822,0.188,,,6,2,6.3,2.1,4.277,1.991,3.163,1.337,,
ENG-Premier League,2021,2020-12-20 Tottenham Hotspur-Leicester City,2020-12-20 14:15:00+00:00,post,,Tottenham Hotspur,Leicester City,367,375,TOT,LEI,0.52333,0.2358,0.24086,,,0,2,0,2.1,1.249,1.803,2.171,1.548,,
ENG-Premier League,2021,2020-12-20 West Bromwich Albion-Aston Villa,2020-12-20 19:15:00+00:00,post,,West Bromwich Albion,Aston Villa,383,362,WBA,AVL,0.22808,0.52727,0.24465,,,0,3,0,2.083,0.04,2.437,0.232,2.212,,
ENG-Premier League,2021,2020-12-21 Burnley-Wolverhampton,2020-12-21 17:30:00+00:00,post,,Burnley,Wolverhampton,379,380,BRN,WOL,0.33757,0.35385,0.30858,,,2,1,2.1,1.05,1.42,1.492,1.239,1.46,,
ENG-Premier League,2021,2020-12-21 Chelsea-West Ham United,2020-12-21 20:00:00+00:00,post,,Chelsea,West Ham United,363,371,CHE,WHU,0.6419,0.14951,0.20859,,,3,0,2.716,0,2.437,0.41,1.427,1.564,,
ENG-Premier League,2021,2020-12-26 Arsenal-Chelsea,2020-12-26 17:30:00+00:00,post,,Arsenal,Chelsea,359,363,ARS,CHE,0.25937,0.48876,0.25187,,,3,1,3.15,1.05,1.805,2.338,0.713,2.059,,
ENG-Premier League,2021,2020-12-26 Aston Villa-Crystal Palace,2020-12-26 15:00:00+00:00,post,,Aston Villa,Crystal Palace,362,384,AVL,CRY,0.55936,0.20225,0.23839,,,3,0,3.007,0,4.905,0.879,1.854,1.192,,
ENG-Premier League,2021,2020-12-26 Fulham-Southampton,2020-12-26 15:00:00+00:00,post,,Fulham,Southampton,370,376,FUL,SOU,0.32656,0.40319,0.27025,,,0,0,0,0,0.784,0.163,1.028,0.456,,
ENG-Premier League,2021,2020-12-26 Leicester City-Manchester United,2020-12-26 12:30:00+00:00,post,,Leicester City,Manchester United,375,360,LEI,MAN,0.33645,0.42173,0.24182,,,2,2,2.1,2.1,1.602,2.261,0.752,1.087,,
ENG-Premier League,2021,2020-12-26 Manchester City-Newcastle,2020-12-26 20:00:00+00:00,post,,Manchester City,Newcastle,382,361,MNC,NEW,0.89356,0.01751,0.08893,,,2,0,2.1,0,3.427,0.267,2.52,0.621,,
ENG-Premier League,2021,2020-12-26 Sheffield United-Everton,2020-12-26 20:00:00+00:00,post,,Sheffield United,Everton,398,368,SHEF,EVE,0.2886,0.44752,0.26388,,,0,1,0,1.05,1.009,0.677,1.161,1.495,,
ENG-Premier League,2021,2020-12-27 Leeds United-Burnley,2020-12-27 12:00:00+00:00,post,,Leeds United,Burnley,357,379,LEE,BRN,0.45734,0.29104,0.25162,,,1,0,1.05,0,1.941,1.773,0.786,2.136,,
ENG-Premier League,2021,2020-12-27 Liverpool-West Bromwich Albion,2020-12-27 16:30:00+00:00,post,,Liverpool,West Bromwich Albion,364,383,LIV,WBA,0.89011,0.02266,0.08723,,,1,1,1.05,1.05,1.718,0.73,2.855,0.493,,
ENG-Premier League,2021,2020-12-27 West Ham United-Brighton and Hove Albion,2020-12-27 14:15:00+00:00,post,,West Ham United,Brighton and Hove Albion,371,331,WHU,BHA,0.43296,0.3006,0.26645,,,2,2,2.1,2.1,1.503,1.411,1.502,0.992,,
ENG-Premier League,2021,2020-12-27 Wolverhampton-Tottenham Hotspur,2020-12-27 19:15:00+00:00,post,,Wolverhampton,Tottenham Hotspur,380,367,WOL,TOT,0.2848,0.4438,0.27139,,,1,1,1.05,1.05,0.957,0.412,1.291,0.925,,
ENG-Premier League,2021,2020-12-28 Chelsea-Aston Villa,2020-12-28 17:30:00+00:00,post,,Chelsea,Aston Villa,363,362,CHE,AVL,0.56806,0.20656,0.22538,,,1,1,1.05,1.05,1.583,0.877,1.697,0.933,,
ENG-Premier League,2021,2020-12-28 Crystal Palace-Leicester City,2020-12-28 15:00:00+00:00,post,,Crystal Palace,Leicester City,384,375,CRY,LEI,0.26389,0.48574,0.25037,,,1,1,1.05,1.05,0.422,2.055,0.522,0.885,,
ENG-Premier League,2021,2020-12-29 Brighton and Hove Albion-Arsenal,2020-12-29 18:00:00+00:00,post,,Brighton and Hove Albion,Arsenal,331,359,BHA,ARS,0.35399,0.37598,0.27003,,,0,1,0,1.05,0.894,1.306,1.379,0.74,,
ENG-Premier League,2021,2020-12-29 Burnley-Sheffield United,2020-12-29 18:00:00+00:00,post,,Burnley,Sheffield United,379,398,BRN,SHEF,0.46629,0.24547,0.28824,,,1,0,1.05,0,1.125,0.58,1.012,0.396,,
ENG-Premier League,2021,2020-12-29 Manchester United-Wolverhampton,2020-12-29 20:00:00+00:00,post,,Manchester United,Wolverhampton,360,380,MAN,WOL,0.61788,0.15896,0.22316,,,1,0,1.05,0,1.92,0.434,1.774,0.694,,
ENG-Premier League,2021,2020-12-29 Southampton-West Ham United,2020-12-29 18:00:00+00:00,post,,Southampton,West Ham United,376,371,SOU,WHU,0.44972,0.28741,0.26288,,,0,0,0,0,0.653,1.097,0.948,1.781,,
ENG-Premier League,2021,2020-12-29 West Bromwich Albion-Leeds United,2020-12-29 18:00:00+00:00,post,,West Bromwich Albion,Leeds United,383,357,WBA,LEE,0.29899,0.45279,0.24822,,,0,5,0,5.218,0.552,1.352,0.464,1.844,,
ENG-Premier League,2021,2020-12-30 Newcastle-Liverpool,2020-12-30 20:00:00+00:00,post,,Newcastle,Liverpool,361,364,NEW,LIV,0.12671,0.68739,0.1859,,,0,0,0,0,0.73,1.753,0.863,1.994,,
ENG-Premier League,2021,2021-01-01 Everton-West Ham United,2021-01-01 17:30:00+00:00,post,,Everton,West Ham United,368,371,EVE,WHU,0.46062,0.2832,0.25618,,,0,1,0,1.05,0.386,1.18,1.021,0.981,,
ENG-Premier League,2021,2021-01-01 Manchester United-Aston Villa,2021-01-01 20:00:00+00:00,post,,Manchester United,Aston Villa,360,362,MAN,AVL,0.53637,0.23678,0.22685,,,2,1,2.1,1.05,2.427,1.617,2.016,1.577,,
ENG-Premier League,2021,2021-01-02 Brighton and Hove Albion-Wolverhampton,2021-01-02 17:30:00+00:00,post,,Brighton and Hove Albion,Wolverhampton,331,380,BHA,WOL,0.42353,0.28187,0.2946,,,3,3,3.15,3.15,2.428,1.801,2.142,0.546,,
ENG-Premier League,2021,2021-01-02 Crystal Palace-Sheffield United,2021-01-02 15:00:00+00:00,post,,Crystal Palace,Sheffield United,384,398,CRY,SHEF,0.46281,0.259,0.27819,,,2,0,2.1,0,0.593,0.382,1.021,0.687,,
ENG-Premier League,2021,2021-01-02 Tottenham Hotspur-Leeds United,2021-01-02 12:30:00+00:00,post,,Tottenham Hotspur,Leeds United,367,357,TOT,LEE,0.61934,0.17684,0.20382,,,3,0,3.15,0,2.784,1.267,1.815,1.893,,
ENG-Premier League,2021,2021-01-02 West Bromwich Albion-Arsenal,2021-01-02 20:00:00+00:00,post,,West Bromwich Albion,Arsenal,383,359,WBA,ARS,0.17304,0.59075,0.23621,,,0,4,0,4.2,1.121,4.12,1.061,1.06,,
ENG-Premier League,2021,2021-01-03 Chelsea-Manchester City,2021-01-03 16:30:00+00:00,post,,Chelsea,Manchester City,363,382,CHE,MNC,0.2705,0.48086,0.24864,,,1,3,1.05,3.15,0.744,3.748,1.045,1.57,,
ENG-Premier League,2021,2021-01-03 Newcastle-Leicester City,2021-01-03 14:15:00+00:00,post,,Newcastle,Leicester City,361,375,NEW,LEI,0.23102,0.51304,0.25594,,,1,2,1.05,2.053,0.515,0.663,0.682,1.16,,
ENG-Premier League,2021,2021-01-04 Southampton-Liverpool,2021-01-04 20:00:00+00:00,post,,Southampton,Liverpool,376,364,SOU,LIV,0.22181,0.5408,0.23739,,,1,0,1.05,0,0.28,1.696,0.541,3.644,,
ENG-Premier League,2021,2021-01-12 Burnley-Manchester United,2021-01-12 20:15:00+00:00,post,,Burnley,Manchester United,379,360,BRN,MAN,0.19027,0.57868,0.23105,,,0,1,0,1.05,0.631,1.573,0.738,2.375,,
ENG-Premier League,2021,2021-01-12 Sheffield United-Newcastle,2021-01-12 18:00:00+00:00,post,,Sheffield United,Newcastle,398,361,SHEF,NEW,0.38539,0.3142,0.30041,,,1,0,0.84,0,2.087,0.945,1.672,0.765,,
ENG-Premier League,2021,2021-01-12 Wolverhampton-Everton,2021-01-12 20:15:00+00:00,post,,Wolverhampton,Everton,380,368,WOL,EVE,0.37882,0.33918,0.282,,,1,2,1.05,2.1,1.021,0.287,1.162,0.799,,
ENG-Premier League,2021,2021-01-13 Manchester City-Brighton and Hove Albion,2021-01-13 18:00:00+00:00,post,,Manchester City,Brighton and Hove Albion,382,331,MNC,BHA,0.8545,0.03284,0.11266,,,1,0,1.05,0,3.078,0.214,2.871,0.577,,
ENG-Premier League,2021,2021-01-13 Tottenham Hotspur-Fulham,2021-01-13 20:15:00+00:00,post,,Tottenham Hotspur,Fulham,367,370,TOT,FUL,0.64048,0.14105,0.21847,,,1,1,1.05,1.05,4.13,0.897,1.817,1.282,,
ENG-Premier League,2021,2021-01-14 Arsenal-Crystal Palace,2021-01-14 20:00:00+00:00,post,,Arsenal,Crystal Palace,359,384,ARS,CRY,0.60527,0.16413,0.2306,,,0,0,0,0,0.468,0.724,1.774,1.047,,
ENG-Premier League,2021,2021-01-16 Fulham-Chelsea,2021-01-16 17:30:00+00:00,post,,Fulham,Chelsea,370,363,FUL,CHE,0.18946,0.58078,0.22976,,,0,1,0,0.84,0.511,1.577,0.765,2.414,,
ENG-Premier League,2021,2021-01-16 Leeds United-Brighton and Hove Albion,2021-01-16 15:00:00+00:00,post,,Leeds United,Brighton and Hove Albion,357,331,LEE,BHA,0.38302,0.3718,0.24518,,,0,1,0,1.05,0.303,1.065,1.224,1.536,,
ENG-Premier League,2021,2021-01-16 Leicester City-Southampton,2021-01-16 20:00:00+00:00,post,,Leicester City,Southampton,375,376,LEI,SOU,0.51629,0.22321,0.2605,,,2,0,1.575,0,2.338,0.425,1.443,0.919,,
ENG-Premier League,2021,2021-01-16 West Ham United-Burnley,2021-01-16 15:00:00+00:00,post,,West Ham United,Burnley,371,379,WHU,BRN,0.51698,0.21226,0.27075,,,1,0,1.05,0,1.702,0.48,1.435,1.252,,
ENG-Premier League,2021,2021-01-16 Wolverhampton-West Bromwich Albion,2021-01-16 12:30:00+00:00,post,,Wolverhampton,West Bromwich Albion,380,383,WOL,WBA,0.63501,0.12997,0.23502,,,2,3,2.1,3.15,2.15,2.463,2.408,0.681,,
ENG-Premier League,2021,2021-01-17 Liverpool-Manchester United,2021-01-17 16:30:00+00:00,post,,Liverpool,Manchester United,364,360,LIV,MAN,0.49345,0.27606,0.23049,,,0,0,0,0,1.658,1.162,2.625,0.845,,
ENG-Premier League,2021,2021-01-17 Manchester City-Crystal Palace,2021-01-17 19:15:00+00:00,post,,Manchester City,Crystal Palace,382,384,MNC,CRY,0.90042,0.01438,0.0852,,,4,0,3.742,0,1.035,0.05,1.909,0.453,,
ENG-Premier League,2021,2021-01-17 Sheffield United-Tottenham Hotspur,2021-01-17 14:00:00+00:00,post,,Sheffield United,Tottenham Hotspur,398,367,SHEF,TOT,0.18845,0.56942,0.24212,,,1,3,1.05,3.15,0.926,1.336,0.92,1.313,,
ENG-Premier League,2021,2021-01-18 Arsenal-Newcastle,2021-01-18 20:00:00+00:00,post,,Arsenal,Newcastle,359,361,ARS,NEW,0.60978,0.1535,0.23672,,,3,0,2.983,0,2.426,0.203,2.349,0.455,,
ENG-Premier League,2021,2021-01-19 Leicester City-Chelsea,2021-01-19 20:15:00+00:00,post,,Leicester City,Chelsea,375,363,LEI,CHE,0.33192,0.40924,0.25883,,,2,0,2.1,0,1.372,0.581,1.084,1.428,,
ENG-Premier League,2021,2021-01-19 West Ham United-West Bromwich Albion,2021-01-19 18:00:00+00:00,post,,West Ham United,West Bromwich Albion,371,383,WHU,WBA,0.6612,0.12871,0.21009,,,2,1,2.1,1.05,2.038,0.623,1.69,0.746,,
ENG-Premier League,2021,2021-01-20 Fulham-Manchester United,2021-01-20 20:15:00+00:00,post,,Fulham,Manchester United,370,360,FUL,MAN,0.18707,0.58641,0.22651,,,1,2,1.05,2.1,0.802,1.728,0.866,1.486,,
ENG-Premier League,2021,2021-01-20 Manchester City-Aston Villa,2021-01-20 18:00:00+00:00,post,,Manchester City,Aston Villa,382,362,MNC,AVL,0.78392,0.06667,0.14941,,,2,0,1.583,0,3.866,0.636,3.19,0.557,,
ENG-Premier League,2021,2021-01-21 Liverpool-Burnley,2021-01-21 20:00:00+00:00,post,,Liverpool,Burnley,364,379,LIV,BRN,0.7865,0.05678,0.15672,,,0,1,0,1.05,1.949,1.084,3.772,0.478,,
ENG-Premier League,2021,2021-01-23 Aston Villa-Newcastle,2021-01-23 20:00:00+00:00,post,,Aston Villa,Newcastle,362,361,AVL,NEW,0.62597,0.15096,0.22307,,,2,0,2.1,0,2.27,0.582,1.706,0.528,,
ENG-Premier League,2021,2021-01-26 Crystal Palace-West Ham United,2021-01-26 18:00:00+00:00,post,,Crystal Palace,West Ham United,384,371,CRY,WHU,0.31118,0.41157,0.27724,,,2,3,2.1,3.15,0.672,3.449,1.77,1.044,,
ENG-Premier League,2021,2021-01-26 Newcastle-Leeds United,2021-01-26 18:00:00+00:00,post,,Newcastle,Leeds United,361,357,NEW,LEE,0.35339,0.38793,0.25868,,,1,2,1.05,2.1,1.422,0.769,1.532,1.523,,
ENG-Premier League,2021,2021-01-26 Southampton-Arsenal,2021-01-26 20:15:00+00:00,post,,Southampton,Arsenal,376,359,SOU,ARS,0.32089,0.39899,0.28012,,,1,3,1.05,3.098,1.09,1.893,1.579,1.232,,
ENG-Premier League,2021,2021-01-26 West Bromwich Albion-Manchester City,2021-01-26 20:15:00+00:00,post,,West Bromwich Albion,Manchester City,383,382,WBA,MNC,0.02828,0.88155,0.09017,,,0,5,0,5.25,0.679,1.944,0.229,2.468,,
ENG-Premier League,2021,2021-01-27 Brighton and Hove Albion-Fulham,2021-01-27 19:30:00+00:00,post,,Brighton and Hove Albion,Fulham,331,370,BHA,FUL,0.48876,0.23979,0.27145,,,0,0,0,0,2.292,0.562,2.532,0.522,,
ENG-Premier League,2021,2021-01-27 Burnley-Aston Villa,2021-01-27 18:00:00+00:00,post,,Burnley,Aston Villa,379,362,BRN,AVL,0.26302,0.46659,0.27039,,,3,2,3.15,2.1,0.742,2.629,0.715,1.393,,
ENG-Premier League,2021,2021-01-27 Chelsea-Wolverhampton,2021-01-27 18:00:00+00:00,post,,Chelsea,Wolverhampton,363,380,CHE,WOL,0.66111,0.12812,0.21077,,,0,0,0,0,0.756,0.531,1.056,0.334,,
ENG-Premier League,2021,2021-01-27 Everton-Leicester City,2021-01-27 20:15:00+00:00,post,,Everton,Leicester City,368,375,EVE,LEI,0.32127,0.41149,0.26725,,,1,1,1.05,1.05,0.595,0.762,0.746,1.158,,
ENG-Premier League,2021,2021-01-27 Manchester United-Sheffield United,2021-01-27 20:15:00+00:00,post,,Manchester United,Sheffield United,360,398,MAN,SHEF,0.74813,0.07958,0.1723,,,1,2,1.05,2.1,1.126,0.568,1.802,0.406,,
ENG-Premier League,2021,2021-01-28 Tottenham Hotspur-Liverpool,2021-01-28 20:00:00+00:00,post,,Tottenham Hotspur,Liverpool,367,364,TOT,LIV,0.333,0.42208,0.24492,,,1,3,1.05,3.15,0.142,2.886,0.337,1.918,,
ENG-Premier League,2021,2021-01-30 Arsenal-Manchester United,2021-01-30 17:30:00+00:00,post,,Arsenal,Manchester United,359,360,ARS,MAN,0.36257,0.38292,0.25451,,,0,0,0,0,0.885,1.736,0.854,2.151,,
ENG-Premier League,2021,2021-01-30 Crystal Palace-Wolverhampton,2021-01-30 15:00:00+00:00,post,,Crystal Palace,Wolverhampton,384,380,CRY,WOL,0.36347,0.34981,0.28673,,,1,0,1.05,0,1.507,0.897,1.108,1.301,,
ENG-Premier League,2021,2021-01-30 Everton-Newcastle,2021-01-30 12:30:00+00:00,post,,Everton,Newcastle,368,361,EVE,NEW,0.56803,0.17914,0.25283,,,0,2,0,1.575,1.007,1.907,1.02,1.705,,
ENG-Premier League,2021,2021-01-30 Manchester City-Sheffield United,2021-01-30 15:00:00+00:00,post,,Manchester City,Sheffield United,382,398,MNC,SHEF,0.8958,0.0151,0.0891,,,1,0,1.05,0,1.519,0.186,1.725,0.553,,
ENG-Premier League,2021,2021-01-30 Southampton-Aston Villa,2021-01-30 20:00:00+00:00,post,,Southampton,Aston Villa,376,362,SOU,AVL,0.32561,0.41037,0.26402,,,0,1,0,1.05,2.546,0.629,2.179,0.885,,
ENG-Premier League,2021,2021-01-30 West Bromwich Albion-Fulham,2021-01-30 15:00:00+00:00,post,,West Bromwich Albion,Fulham,383,370,WBA,FUL,0.2784,0.44416,0.27744,,,2,2,2.1,2.1,1.128,1.5,0.765,1.144,,
ENG-Premier League,2021,2021-01-31 Brighton and Hove Albion-Tottenham Hotspur,2021-01-31 19:15:00+00:00,post,,Brighton and Hove Albion,Tottenham Hotspur,331,367,BHA,TOT,0.31221,0.42534,0.26245,,,1,0,1.05,0,1.726,0.485,3.348,1.404,,
ENG-Premier League,2021,2021-01-31 Chelsea-Burnley,2021-01-31 12:00:00+00:00,post,,Chelsea,Burnley,363,379,CHE,BRN,0.68658,0.10372,0.20969,,,2,0,1.751,0,1.381,0.454,2.664,0.586,,
ENG-Premier League,2021,2021-01-31 Leicester City-Leeds United,2021-01-31 14:00:00+00:00,post,,Leicester City,Leeds United,375,357,LEI,LEE,0.63643,0.15731,0.20626,,,1,3,1.05,2.786,1.897,1.79,1.468,0.847,,
ENG-Premier League,2021,2021-01-31 West Ham United-Liverpool,2021-01-31 16:30:00+00:00,post,,West Ham United,Liverpool,371,364,WHU,LIV,0.23987,0.52591,0.23422,,,1,3,1.05,2.797,0.993,2.497,0.596,1.773,,
ENG-Premier League,2021,2021-02-02 Manchester United-Southampton,2021-02-02 20:15:00+00:00,post,,Manchester United,Southampton,360,376,MAN,SOU,0.63348,0.14747,0.21905,,,9,0,6.361,0,4.851,0.521,3.924,0.166,,
ENG-Premier League,2021,2021-02-02 Newcastle-Crystal Palace,2021-02-02 20:15:00+00:00,post,,Newcastle,Crystal Palace,361,384,NEW,CRY,0.40273,0.30958,0.28769,,,1,2,1.05,2.1,2.067,0.832,2.086,0.868,,
ENG-Premier League,2021,2021-02-02 Sheffield United-West Bromwich Albion,2021-02-02 18:00:00+00:00,post,,Sheffield United,West Bromwich Albion,398,383,SHEF,WBA,0.53686,0.1971,0.26604,,,2,1,2.1,1.05,1.394,1.941,1.777,0.745,,
ENG-Premier League,2021,2021-02-02 Wolverhampton-Arsenal,2021-02-02 18:00:00+00:00,post,,Wolverhampton,Arsenal,380,359,WOL,ARS,0.28948,0.43148,0.27904,,,2,1,1.68,1.05,1.582,0.844,0.677,0.924,,
ENG-Premier League,2021,2021-02-03 Aston Villa-West Ham United,2021-02-03 20:15:00+00:00,post,,Aston Villa,West Ham United,362,371,AVL,WHU,0.4746,0.27745,0.24794,,,1,3,1.05,2.813,0.706,1.888,1.252,1.328,,
ENG-Premier League,2021,2021-02-03 Burnley-Manchester City,2021-02-03 18:00:00+00:00,post,,Burnley,Manchester City,379,382,BRN,MNC,0.06,0.78246,0.15754,,,0,2,0,2.1,0.069,2.048,0.521,1.608,,
ENG-Premier League,2021,2021-02-03 Fulham-Leicester City,2021-02-03 18:00:00+00:00,post,,Fulham,Leicester City,370,375,FUL,LEI,0.23404,0.50286,0.2631,,,0,2,0,2.1,0.882,1.358,1.989,1.119,,
ENG-Premier League,2021,2021-02-03 Leeds United-Everton,2021-02-03 19:30:00+00:00,post,,Leeds United,Everton,357,368,LEE,EVE,0.39648,0.35541,0.24811,,,1,2,1.05,2.1,1.354,2.027,1.899,0.59,,
ENG-Premier League,2021,2021-02-03 Liverpool-Brighton and Hove Albion,2021-02-03 20:15:00+00:00,post,,Liverpool,Brighton and Hove Albion,364,331,LIV,BHA,0.67127,0.12823,0.2005,,,0,1,0,1.05,1.328,1.197,1.867,0.875,,
ENG-Premier League,2021,2021-02-04 Tottenham Hotspur-Chelsea,2021-02-04 20:00:00+00:00,post,,Tottenham Hotspur,Chelsea,367,363,TOT,CHE,0.32662,0.4158,0.25758,,,0,1,0,1.05,0.692,2.207,0.572,1.986,,
ENG-Premier League,2021,2021-02-06 Aston Villa-Arsenal,2021-02-06 12:30:00+00:00,post,,Aston Villa,Arsenal,362,359,AVL,ARS,0.38858,0.35191,0.25951,,,1,0,1.05,0,1.051,0.832,1.129,2.36,,
ENG-Premier League,2021,2021-02-06 Burnley-Brighton and Hove Albion,2021-02-06 15:00:00+00:00,post,,Burnley,Brighton and Hove Albion,379,331,BRN,BHA,0.30489,0.4001,0.29502,,,1,1,1.05,1.05,2.199,0.562,2.243,0.558,,
ENG-Premier League,2021,2021-02-06 Fulham-West Ham United,2021-02-06 17:30:00+00:00,post,,Fulham,West Ham United,370,371,FUL,WHU,0.28729,0.44424,0.26848,,,0,0,0,0,1.627,0.965,1.719,0.905,,
ENG-Premier League,2021,2021-02-06 Manchester United-Everton,2021-02-06 20:00:00+00:00,post,,Manchester United,Everton,360,368,MAN,EVE,0.65265,0.14487,0.20247,,,3,3,3.15,3.15,1.603,1.462,1.73,0.709,,
ENG-Premier League,2021,2021-02-06 Newcastle-Southampton,2021-02-06 15:00:00+00:00,post,,Newcastle,Southampton,361,376,NEW,SOU,0.38075,0.3361,0.28314,,,3,2,3.15,2.1,0.873,1.369,0.497,1.675,,
ENG-Premier League,2021,2021-02-07 Liverpool-Manchester City,2021-02-07 16:30:00+00:00,post,,Liverpool,Manchester City,364,382,LIV,MNC,0.27651,0.46964,0.25385,,,1,4,1.05,3.731,1.202,3.201,1.251,0.75,,
ENG-Premier League,2021,2021-02-07 Sheffield United-Chelsea,2021-02-07 19:15:00+00:00,post,,Sheffield United,Chelsea,398,363,SHEF,CHE,0.14532,0.62179,0.23289,,,1,2,1.05,2.1,0.77,1.518,0.883,1.362,,
ENG-Premier League,2021,2021-02-07 Tottenham Hotspur-West Bromwich Albion,2021-02-07 12:00:00+00:00,post,,Tottenham Hotspur,West Bromwich Albion,367,383,TOT,WBA,0.73498,0.09242,0.1726,,,2,0,2.1,0,2.478,0.635,1.182,0.919,,
ENG-Premier League,2021,2021-02-07 Wolverhampton-Leicester City,2021-02-07 14:00:00+00:00,post,,Wolverhampton,Leicester City,380,375,WOL,LEI,0.26602,0.45759,0.2764,,,0,0,0,0,1.518,0.814,1.408,1.461,,
ENG-Premier League,2021,2021-02-08 Leeds United-Crystal Palace,2021-02-08 20:00:00+00:00,post,,Leeds United,Crystal Palace,357,384,LEE,CRY,0.48064,0.27632,0.24303,,,2,0,2.1,0,2.509,0.414,1.866,1.192,,
ENG-Premier League,2021,2021-02-13 Brighton and Hove Albion-Aston Villa,2021-02-13 20:00:00+00:00,post,,Brighton and Hove Albion,Aston Villa,331,362,BHA,AVL,0.3758,0.35966,0.26454,,,0,0,0,0,2.216,0.157,2.862,0.291,,
ENG-Premier League,2021,2021-02-13 Crystal Palace-Burnley,2021-02-13 15:00:00+00:00,post,,Crystal Palace,Burnley,384,379,CRY,BRN,0.38113,0.32402,0.29485,,,0,3,0,3.15,0.592,1.944,2.055,1.037,,
ENG-Premier League,2021,2021-02-13 Leicester City-Liverpool,2021-02-13 12:30:00+00:00,post,,Leicester City,Liverpool,375,364,LEI,LIV,0.29987,0.44733,0.2528,,,3,1,2.765,1.05,2.065,2.268,0.435,1.64,,
ENG-Premier League,2021,2021-02-13 Manchester City-Tottenham Hotspur,2021-02-13 17:30:00+00:00,post,,Manchester City,Tottenham Hotspur,382,367,MNC,TOT,0.76997,0.07184,0.1582,,,3,0,3.15,0,2.575,0.397,2.375,0.855,,
ENG-Premier League,2021,2021-02-14 Arsenal-Leeds United,2021-02-14 16:30:00+00:00,post,,Arsenal,Leeds United,359,357,ARS,LEE,0.5509,0.21882,0.23028,,,4,2,4.2,2.1,2.32,0.939,1.781,1.032,,
ENG-Premier League,2021,2021-02-14 Everton-Fulham,2021-02-14 19:00:00+00:00,post,,Everton,Fulham,368,370,EVE,FUL,0.50139,0.23275,0.26586,,,0,2,0,2.1,0.38,2.163,0.317,1.228,,
ENG-Premier League,2021,2021-02-14 Southampton-Wolverhampton,2021-02-14 12:00:00+00:00,post,,Southampton,Wolverhampton,376,380,SOU,WOL,0.39077,0.32308,0.28616,,,1,2,1.05,2.1,1.008,1.135,0.812,0.62,,
ENG-Premier League,2021,2021-02-14 West Bromwich Albion-Manchester United,2021-02-14 14:00:00+00:00,post,,West Bromwich Albion,Manchester United,383,360,WBA,MAN,0.08279,0.77081,0.1464,,,1,1,1.05,1.05,1.21,0.561,0.987,2.186,,
ENG-Premier League,2021,2021-02-15 Chelsea-Newcastle,2021-02-15 20:00:00+00:00,post,,Chelsea,Newcastle,363,361,CHE,NEW,0.75997,0.06907,0.17096,,,2,0,2.1,0,2.613,0.646,1.888,0.779,,
ENG-Premier League,2021,2021-02-15 West Ham United-Sheffield United,2021-02-15 18:00:00+00:00,post,,West Ham United,Sheffield United,371,398,WHU,SHEF,0.56995,0.17829,0.25177,,,3,0,2.625,0,2.119,0.737,0.728,1.837,,
ENG-Premier League,2021,2021-02-17 Burnley-Fulham,2021-02-17 18:00:00+00:00,post,,Burnley,Fulham,379,370,BRN,FUL,0.38604,0.31207,0.30189,,,1,1,1.05,1.05,1.268,0.703,0.953,0.872,,
ENG-Premier League,2021,2021-02-17 Everton-Manchester City,2021-02-17 20:15:00+00:00,post,,Everton,Manchester City,368,382,EVE,MNC,0.10622,0.71321,0.18057,,,1,3,1.05,2.987,0.799,1.368,0.396,1.66,,
ENG-Premier League,2021,2021-02-19 Wolverhampton-Leeds United,2021-02-19 20:00:00+00:00,post,,Wolverhampton,Leeds United,380,357,WOL,LEE,0.449,0.29584,0.25517,,,1,0,1.05,0,0.633,2.298,0.29,1.505,,
ENG-Premier League,2021,2021-02-20 Burnley-West Bromwich Albion,2021-02-20 15:00:00+00:00,post,,Burnley,West Bromwich Albion,379,383,BRN,WBA,0.57349,0.17209,0.25442,,,0,0,0,0,0.574,1.484,1.179,0.761,,
ENG-Premier League,2021,2021-02-20 Fulham-Sheffield United,2021-02-20 20:00:00+00:00,post,,Fulham,Sheffield United,370,398,FUL,SHEF,0.48933,0.22282,0.28786,,,1,0,1.05,0,1.26,1.018,1.719,0.217,,
ENG-Premier League,2021,2021-02-20 Liverpool-Everton,2021-02-20 17:30:00+00:00,post,,Liverpool,Everton,364,368,LIV,EVE,0.72875,0.09842,0.17284,,,0,2,0,1.775,1.784,1.943,2.711,0.571,,
ENG-Premier League,2021,2021-02-20 Southampton-Chelsea,2021-02-20 12:30:00+00:00,post,,Southampton,Chelsea,376,363,SOU,CHE,0.16815,0.60082,0.23103,,,1,1,1.05,1.05,0.551,1.562,0.224,1.204,,
ENG-Premier League,2021,2021-02-21 Arsenal-Manchester City,2021-02-21 16:30:00+00:00,post,,Arsenal,Manchester City,359,382,ARS,MNC,0.18283,0.58308,0.23409,,,0,1,0,1.05,0.372,1.908,1.013,1.493,,
ENG-Premier League,2021,2021-02-21 Aston Villa-Leicester City,2021-02-21 14:05:00+00:00,post,,Aston Villa,Leicester City,362,375,AVL,LEI,0.34126,0.39118,0.26756,,,1,2,1.05,2.1,1.678,1.225,1.029,0.822,,
ENG-Premier League,2021,2021-02-21 Manchester United-Newcastle,2021-02-21 19:00:00+00:00,post,,Manchester United,Newcastle,360,361,MAN,NEW,0.80111,0.05921,0.13969,,,3,1,3.043,1.05,1.685,0.375,1.724,0.306,,
ENG-Premier League,2021,2021-02-21 West Ham United-Tottenham Hotspur,2021-02-21 12:00:00+00:00,post,,West Ham United,Tottenham Hotspur,371,367,WHU,TOT,0.40916,0.33407,0.25677,,,2,1,2.1,1.05,1.379,1.174,0.672,1.628,,
ENG-Premier League,2021,2021-02-22 Brighton and Hove Albion-Crystal Palace,2021-02-22 20:00:00+00:00,post,,Brighton and Hove Albion,Crystal Palace,331,384,BHA,CRY,0.56426,0.1863,0.24944,,,1,2,1.05,2.1,2.908,0.284,2.741,0.172,,
ENG-Premier League,2021,2021-02-23 Leeds United-Southampton,2021-02-23 18:00:00+00:00,post,,Leeds United,Southampton,357,376,LEE,SOU,0.45762,0.29573,0.24665,,,3,0,2.611,0,1.672,1.242,1.535,0.925,,
ENG-Premier League,2021,2021-02-27 Leeds United-Aston Villa,2021-02-27 17:30:00+00:00,post,,Leeds United,Aston Villa,357,362,LEE,AVL,0.38336,0.37474,0.24189,,,0,1,0,1.05,1.101,0.789,1.482,0.692,,
ENG-Premier League,2021,2021-02-27 Manchester City-West Ham United,2021-02-27 12:30:00+00:00,post,,Manchester City,West Ham United,382,371,MNC,WHU,0.77108,0.06839,0.16053,,,2,1,2.1,1.05,0.842,2.205,1.7,0.715,,
ENG-Premier League,2021,2021-02-27 Newcastle-Wolverhampton,2021-02-27 20:00:00+00:00,post,,Newcastle,Wolverhampton,361,380,NEW,WOL,0.36041,0.34242,0.29717,,,1,1,1.05,1.05,1.792,1.307,1.52,1.246,,
ENG-Premier League,2021,2021-02-27 West Bromwich Albion-Brighton and Hove Albion,2021-02-27 15:00:00+00:00,post,,West Bromwich Albion,Brighton and Hove Albion,383,331,WBA,BHA,0.20524,0.54458,0.25018,,,1,0,1.05,0,0.684,3.144,1.012,1.611,,
ENG-Premier League,2021,2021-02-28 Chelsea-Manchester United,2021-02-28 16:30:00+00:00,post,,Chelsea,Manchester United,363,360,CHE,MAN,0.46748,0.27796,0.25456,,,0,0,0,0,1.158,0.425,0.797,0.514,,
ENG-Premier League,2021,2021-02-28 Crystal Palace-Fulham,2021-02-28 12:00:00+00:00,post,,Crystal Palace,Fulham,384,370,CRY,FUL,0.31929,0.39505,0.28566,,,0,0,0,0,0.14,0.996,0.563,1.845,,
ENG-Premier League,2021,2021-02-28 Leicester City-Arsenal,2021-02-28 12:00:00+00:00,post,,Leicester City,Arsenal,375,359,LEI,ARS,0.44542,0.27575,0.27882,,,1,3,1.05,3.15,0.586,2.018,0.378,1.504,,
ENG-Premier League,2021,2021-02-28 Sheffield United-Liverpool,2021-02-28 19:15:00+00:00,post,,Sheffield United,Liverpool,398,364,SHEF,LIV,0.11191,0.69606,0.19203,,,0,2,0,2.1,0.826,2.898,0.582,1.828,,
ENG-Premier League,2021,2021-02-28 Tottenham Hotspur-Burnley,2021-02-28 14:00:00+00:00,post,,Tottenham Hotspur,Burnley,367,379,TOT,BRN,0.56137,0.18723,0.2514,,,4,0,4.2,0,2.847,0.674,0.923,1.04,,
ENG-Premier League,2021,2021-03-01 Everton-Southampton,2021-03-01 20:00:00+00:00,post,,Everton,Southampton,368,376,EVE,SOU,0.48943,0.24834,0.26223,,,1,0,1.05,0,1.235,0.715,1.201,0.433,,
ENG-Premier League,2021,2021-03-02 Manchester City-Wolverhampton,2021-03-02 20:00:00+00:00,post,,Manchester City,Wolverhampton,382,380,MNC,WOL,0.83541,0.03131,0.13328,,,4,1,3.157,1.05,3.551,0.373,2.379,0.366,,
ENG-Premier League,2021,2021-03-03 Burnley-Leicester City,2021-03-03 18:00:00+00:00,post,,Burnley,Leicester City,379,375,BRN,LEI,0.25413,0.45663,0.28925,,,1,1,1.05,1.05,1.442,1.359,1.451,1.131,,
ENG-Premier League,2021,2021-03-03 Crystal Palace-Manchester United,2021-03-03 20:15:00+00:00,post,,Crystal Palace,Manchester United,384,360,CRY,MAN,0.12695,0.67755,0.1955,,,0,0,0,0,0.845,0.677,0.54,1.913,,
ENG-Premier League,2021,2021-03-03 Sheffield United-Aston Villa,2021-03-03 18:00:00+00:00,post,,Sheffield United,Aston Villa,398,362,SHEF,AVL,0.26243,0.46403,0.27354,,,1,0,1.05,0,0.799,1.69,0.512,2.313,,
ENG-Premier League,2021,2021-03-04 Fulham-Tottenham Hotspur,2021-03-04 18:00:00+00:00,post,,Fulham,Tottenham Hotspur,370,367,FUL,TOT,0.30861,0.41764,0.27375,,,0,1,0,1.05,1.214,1.838,1.496,0.877,,
ENG-Premier League,2021,2021-03-04 Liverpool-Chelsea,2021-03-04 20:15:00+00:00,post,,Liverpool,Chelsea,364,363,LIV,CHE,0.44888,0.28923,0.26188,,,0,1,0,1.05,0.285,1.25,2.037,0.984,,
ENG-Premier League,2021,2021-03-04 West Bromwich Albion-Everton,2021-03-04 18:00:00+00:00,post,,West Bromwich Albion,Everton,383,368,WBA,EVE,0.23059,0.51369,0.25572,,,0,1,0,1.05,1.074,1.391,2.013,1.347,,
ENG-Premier League,2021,2021-03-06 Aston Villa-Wolverhampton,2021-03-06 17:30:00+00:00,post,,Aston Villa,Wolverhampton,362,380,AVL,WOL,0.49337,0.23856,0.26807,,,0,0,0,0,0.952,1.835,0.463,0.786,,
ENG-Premier League,2021,2021-03-06 Brighton and Hove Albion-Leicester City,2021-03-06 20:00:00+00:00,post,,Brighton and Hove Albion,Leicester City,331,375,BHA,LEI,0.36179,0.35388,0.28433,,,1,2,1.05,2.1,0.797,1.158,1.612,1.031,,
ENG-Premier League,2021,2021-03-06 Burnley-Arsenal,2021-03-06 12:30:00+00:00,post,,Burnley,Arsenal,379,359,BRN,ARS,0.24508,0.48037,0.27455,,,1,1,1.05,1.05,1.279,2.798,0.996,1.512,,
ENG-Premier League,2021,2021-03-06 Sheffield United-Southampton,2021-03-06 15:00:00+00:00,post,,Sheffield United,Southampton,398,376,SHEF,SOU,0.35054,0.35018,0.29928,,,0,2,0,2.1,1.005,2.114,1.221,1.018,,
ENG-Premier League,2021,2021-03-07 Liverpool-Fulham,2021-03-07 14:00:00+00:00,post,,Liverpool,Fulham,364,370,LIV,FUL,0.7096,0.09629,0.19411,,,0,1,0,1.05,1.017,1.447,1.913,0.577,,
ENG-Premier League,2021,2021-03-07 Manchester City-Manchester United,2021-03-07 16:30:00+00:00,post,,Manchester City,Manchester United,382,360,MNC,MAN,0.58378,0.18368,0.23254,,,0,2,0,2.1,1.669,2.182,2.744,0.82,,
ENG-Premier League,2021,2021-03-07 Tottenham Hotspur-Crystal Palace,2021-03-07 19:15:00+00:00,post,,Tottenham Hotspur,Crystal Palace,367,384,TOT,CRY,0.67617,0.11988,0.20396,,,4,1,4.043,1.05,2.648,0.583,1.806,0.611,,
ENG-Premier League,2021,2021-03-07 West Bromwich Albion-Newcastle,2021-03-07 12:00:00+00:00,post,,West Bromwich Albion,Newcastle,383,361,WBA,NEW,0.31581,0.40393,0.28026,,,0,0,0,0,1.592,0.523,1.948,1.099,,
ENG-Premier League,2021,2021-03-08 Chelsea-Everton,2021-03-08 18:00:00+00:00,post,,Chelsea,Everton,363,368,CHE,EVE,0.66035,0.11785,0.2218,,,2,0,2.1,0,2.713,0.326,1.213,0.45,,
ENG-Premier League,2021,2021-03-08 West Ham United-Leeds United,2021-03-08 20:00:00+00:00,post,,West Ham United,Leeds United,371,357,WHU,LEE,0.55252,0.21969,0.2278,,,2,0,2.1,0,2.771,1.58,0.856,1.427,,
ENG-Premier League,2021,2021-03-10 Manchester City-Southampton,2021-03-10 18:00:00+00:00,post,,Manchester City,Southampton,382,376,MNC,SOU,0.85029,0.03145,0.11826,,,5,2,5.25,2.1,3.285,1.75,1.535,0.647,,
ENG-Premier League,2021,2021-03-12 Newcastle-Aston Villa,2021-03-12 20:00:00+00:00,post,,Newcastle,Aston Villa,361,362,NEW,AVL,0.32752,0.39657,0.27591,,,1,1,1.05,1.05,1.251,0.785,1.127,0.932,,
ENG-Premier League,2021,2021-03-13 Crystal Palace-West Bromwich Albion,2021-03-13 15:00:00+00:00,post,,Crystal Palace,West Bromwich Albion,384,383,CRY,WBA,0.47368,0.25082,0.2755,,,1,0,1.05,0,1.233,0.745,0.725,1.804,,
ENG-Premier League,2021,2021-03-13 Everton-Burnley,2021-03-13 17:30:00+00:00,post,,Everton,Burnley,368,379,EVE,BRN,0.48317,0.23864,0.27819,,,1,2,1.05,2.1,1.783,0.808,1.858,1.567,,
ENG-Premier League,2021,2021-03-13 Fulham-Manchester City,2021-03-13 20:00:00+00:00,post,,Fulham,Manchester City,370,382,FUL,MNC,0.14342,0.63805,0.21853,,,0,3,0,3.15,0.557,2.346,0.929,1.245,,
ENG-Premier League,2021,2021-03-13 Leeds United-Chelsea,2021-03-13 12:30:00+00:00,post,,Leeds United,Chelsea,357,363,LEE,CHE,0.16546,0.61227,0.22227,,,0,0,0,0,0.438,1.056,1.164,1.652,,
ENG-Premier League,2021,2021-03-14 Arsenal-Tottenham Hotspur,2021-03-14 16:30:00+00:00,post,,Arsenal,Tottenham Hotspur,359,367,ARS,TOT,0.40902,0.33319,0.25778,,,2,1,2.1,1.05,1.953,0.681,1.387,0.521,,
ENG-Premier League,2021,2021-03-14 Leicester City-Sheffield United,2021-03-14 14:00:00+00:00,post,,Leicester City,Sheffield United,375,398,LEI,SHEF,0.6809,0.09705,0.22205,,,5,0,4.826,0,4.556,0.09,2.031,0.358,,
ENG-Premier League,2021,2021-03-14 Manchester United-West Ham United,2021-03-14 19:15:00+00:00,post,,Manchester United,West Ham United,360,371,MAN,WHU,0.53252,0.22716,0.24032,,,1,0,1.05,0,1.671,0.641,2.159,0.613,,
ENG-Premier League,2021,2021-03-14 Southampton-Brighton and Hove Albion,2021-03-14 12:00:00+00:00,post,,Southampton,Brighton and Hove Albion,376,331,SOU,BHA,0.33028,0.39519,0.27453,,,1,2,1.05,2.1,0.915,0.863,0.949,0.592,,
ENG-Premier League,2021,2021-03-15 Wolverhampton-Liverpool,2021-03-15 20:00:00+00:00,post,,Wolverhampton,Liverpool,380,364,WOL,LIV,0.18061,0.58167,0.23772,,,0,1,0,1.05,1.369,0.967,0.885,2.209,,
ENG-Premier League,2021,2021-03-19 Fulham-Leeds United,2021-03-19 20:00:00+00:00,post,,Fulham,Leeds United,370,357,FUL,LEE,0.44642,0.28176,0.27182,,,1,2,1.05,2.1,1.487,1.333,1.41,1.178,,
ENG-Premier League,2021,2021-03-20 Brighton and Hove Albion-Newcastle,2021-03-20 20:00:00+00:00,post,,Brighton and Hove Albion,Newcastle,331,361,BHA,NEW,0.53904,0.19947,0.26149,,,3,0,3.15,0,1.02,0.102,1.162,0.315,,
ENG-Premier League,2021,2021-03-21 Aston Villa-Tottenham Hotspur,2021-03-21 19:30:00+00:00,post,,Aston Villa,Tottenham Hotspur,362,367,AVL,TOT,0.31687,0.42199,0.26115,,,0,2,0,2.1,0.445,1.782,1.097,1.091,,
ENG-Premier League,2021,2021-03-21 West Ham United-Arsenal,2021-03-21 15:00:00+00:00,post,,West Ham United,Arsenal,371,359,WHU,ARS,0.39253,0.33916,0.26831,,,3,3,3.15,3.15,2.148,1.815,1.35,2.115,,
ENG-Premier League,2021,2021-04-03 Arsenal-Liverpool,2021-04-03 19:00:00+00:00,post,,Arsenal,Liverpool,359,364,ARS,LIV,0.29014,0.45986,0.25,,,0,3,0,2.856,0.131,2.355,0.278,2.006,,
ENG-Premier League,2021,2021-04-03 Chelsea-West Bromwich Albion,2021-04-03 11:30:00+00:00,post,,Chelsea,West Bromwich Albion,363,383,CHE,WBA,0.86588,0.01979,0.11433,,,2,5,2.1,3.78,2.607,1.343,2.217,0.97,,
ENG-Premier League,2021,2021-04-03 Leeds United-Sheffield United,2021-04-03 14:00:00+00:00,post,,Leeds United,Sheffield United,357,398,LEE,SHEF,0.56449,0.19576,0.23975,,,2,1,2.1,1.05,2.356,0.915,1.45,0.68,,
ENG-Premier League,2021,2021-04-03 Leicester City-Manchester City,2021-04-03 16:30:00+00:00,post,,Leicester City,Manchester City,375,382,LEI,MNC,0.2198,0.53916,0.24104,,,0,2,0,2.01,0.342,2.043,0.435,1.889,,
ENG-Premier League,2021,2021-04-04 Aston Villa-Fulham,2021-04-04 15:30:00+00:00,post,,Aston Villa,Fulham,362,370,AVL,FUL,0.40062,0.30527,0.29411,,,3,1,2.719,1.05,1.653,1.124,1.449,0.825,,
ENG-Premier League,2021,2021-04-04 Manchester United-Brighton and Hove Albion,2021-04-04 18:30:00+00:00,post,,Manchester United,Brighton and Hove Albion,360,331,MAN,BHA,0.59934,0.16325,0.23741,,,2,1,2.1,1.05,1.793,1.316,1.672,0.809,,
ENG-Premier League,2021,2021-04-04 Newcastle-Tottenham Hotspur,2021-04-04 13:05:00+00:00,post,,Newcastle,Tottenham Hotspur,361,367,NEW,TOT,0.20971,0.54193,0.24837,,,2,2,2.1,2.1,4.108,2.333,1.625,1.055,,
ENG-Premier League,2021,2021-04-04 Southampton-Burnley,2021-04-04 11:00:00+00:00,post,,Southampton,Burnley,376,379,SOU,BRN,0.45198,0.26906,0.27897,,,3,2,3.15,2.1,2.459,1.595,2.1,1.11,,
ENG-Premier League,2021,2021-04-05 Everton-Crystal Palace,2021-04-05 17:00:00+00:00,post,,Everton,Crystal Palace,368,384,EVE,CRY,0.55383,0.19289,0.25328,,,1,1,1.05,1.05,2.874,0.584,2.127,1.421,,
ENG-Premier League,2021,2021-04-05 Wolverhampton-West Ham United,2021-04-05 19:15:00+00:00,post,,Wolverhampton,West Ham United,380,371,WOL,WHU,0.29539,0.42744,0.27718,,,2,3,2.1,3.15,2.744,1.468,1.838,0.769,,
ENG-Premier League,2021,2021-04-09 Fulham-Wolverhampton,2021-04-09 19:00:00+00:00,post,,Fulham,Wolverhampton,370,380,FUL,WOL,0.43335,0.26708,0.29957,,,0,1,0,1.05,0.86,0.458,2.256,0.726,,
ENG-Premier League,2021,2021-04-10 Crystal Palace-Chelsea,2021-04-10 16:30:00+00:00,post,,Crystal Palace,Chelsea,384,363,CRY,CHE,0.10146,0.69798,0.20056,,,1,4,1.05,4.015,0.43,3.399,0.359,2.601,,
ENG-Premier League,2021,2021-04-10 Liverpool-Aston Villa,2021-04-10 14:00:00+00:00,post,,Liverpool,Aston Villa,364,362,LIV,AVL,0.72433,0.09584,0.17982,,,2,1,2.1,1.05,2.544,0.87,1.942,0.904,,
ENG-Premier League,2021,2021-04-10 Manchester City-Leeds United,2021-04-10 11:30:00+00:00,post,,Manchester City,Leeds United,382,357,MNC,LEE,0.74413,0.09485,0.16102,,,1,2,0.84,2.1,2.423,0.118,3.61,0.251,,
ENG-Premier League,2021,2021-04-11 Burnley-Newcastle,2021-04-11 11:00:00+00:00,post,,Burnley,Newcastle,379,361,BRN,NEW,0.40858,0.30969,0.28173,,,1,2,1.05,2.1,2.066,1.678,2.343,1.059,,
ENG-Premier League,2021,2021-04-11 Sheffield United-Arsenal,2021-04-11 18:00:00+00:00,post,,Sheffield United,Arsenal,398,359,SHEF,ARS,0.18579,0.56954,0.24467,,,0,3,0,2.736,0.341,2.065,0.34,1.496,,
ENG-Premier League,2021,2021-04-11 Tottenham Hotspur-Manchester United,2021-04-11 15:30:00+00:00,post,,Tottenham Hotspur,Manchester United,367,360,TOT,MAN,0.33116,0.41555,0.25329,,,1,3,1.05,2.625,1.198,1.882,0.595,1.692,,
ENG-Premier League,2021,2021-04-11 West Ham United-Leicester City,2021-04-11 13:05:00+00:00,post,,West Ham United,Leicester City,371,375,WHU,LEI,0.40319,0.33415,0.26266,,,3,2,3.15,2.1,0.989,1.198,0.437,1.78,,
ENG-Premier League,2021,2021-04-12 Brighton and Hove Albion-Everton,2021-04-12 19:15:00+00:00,post,,Brighton and Hove Albion,Everton,331,368,BHA,EVE,0.4878,0.24688,0.26532,,,0,0,0,0,1.234,0.451,1.85,0.986,,
ENG-Premier League,2021,2021-04-12 West Bromwich Albion-Southampton,2021-04-12 17:00:00+00:00,post,,West Bromwich Albion,Southampton,383,376,WBA,SOU,0.3158,0.42198,0.26222,,,3,0,3.15,0,2.842,1.572,1.92,1.614,,
ENG-Premier League,2021,2021-04-16 Everton-Tottenham Hotspur,2021-04-16 19:00:00+00:00,post,,Everton,Tottenham Hotspur,368,367,EVE,TOT,0.3248,0.41747,0.25773,,,2,2,2.1,2.1,2.697,1.738,1.657,0.321,,
ENG-Premier League,2021,2021-04-17 Newcastle-West Ham United,2021-04-17 11:30:00+00:00,post,,Newcastle,West Ham United,361,371,NEW,WHU,0.24387,0.51326,0.24287,,,3,2,2.73,2.1,2.12,2.214,0.86,1.357,,
ENG-Premier League,2021,2021-04-17 Wolverhampton-Sheffield United,2021-04-17 19:15:00+00:00,post,,Wolverhampton,Sheffield United,380,398,WOL,SHEF,0.47937,0.23382,0.28681,,,1,0,1.05,0,1.235,0.338,0.866,0.886,,
ENG-Premier League,2021,2021-04-18 Arsenal-Fulham,2021-04-18 12:30:00+00:00,post,,Arsenal,Fulham,359,370,ARS,FUL,0.55531,0.18606,0.25864,,,1,1,1.05,1.05,2.689,0.871,2.344,0.438,,
ENG-Premier League,2021,2021-04-18 Manchester United-Burnley,2021-04-18 15:00:00+00:00,post,,Manchester United,Burnley,360,379,MAN,BRN,0.70136,0.10507,0.19357,,,3,1,2.625,1.05,2.854,0.994,2.756,0.784,,
ENG-Premier League,2021,2021-04-19 Leeds United-Liverpool,2021-04-19 19:00:00+00:00,post,,Leeds United,Liverpool,357,364,LEE,LIV,0.15706,0.64503,0.19791,,,1,1,1.05,1.05,2.891,1.651,1.749,1.787,,
ENG-Premier League,2021,2021-04-20 Chelsea-Brighton and Hove Albion,2021-04-20 19:15:00+00:00,post,,Chelsea,Brighton and Hove Albion,363,331,CHE,BHA,0.6417,0.12485,0.23345,,,0,0,0,0,0.777,0.507,0.514,0.723,,
ENG-Premier League,2021,2021-04-21 Aston Villa-Manchester City,2021-04-21 19:15:00+00:00,post,,Aston Villa,Manchester City,362,382,AVL,MNC,0.12873,0.67322,0.19805,,,1,2,1.05,2.1,0.806,1.521,0.912,2.102,,
ENG-Premier League,2021,2021-04-21 Tottenham Hotspur-Southampton,2021-04-21 17:00:00+00:00,post,,Tottenham Hotspur,Southampton,367,376,TOT,SOU,0.56445,0.2102,0.22536,,,2,1,2.1,1.05,1.472,1.355,1.683,0.903,,
ENG-Premier League,2021,2021-04-22 Leicester City-West Bromwich Albion,2021-04-22 19:00:00+00:00,post,,Leicester City,West Bromwich Albion,375,383,LEI,WBA,0.68991,0.10961,0.20047,,,3,0,3.15,0,2.374,0.322,1.391,0.603,,
ENG-Premier League,2021,2021-04-23 Arsenal-Everton,2021-04-23 19:00:00+00:00,post,,Arsenal,Everton,359,368,ARS,EVE,0.56226,0.19697,0.24077,,,0,1,0,1.05,0.888,0.603,1.396,0.666,,
ENG-Premier League,2021,2021-04-24 Liverpool-Newcastle,2021-04-24 11:30:00+00:00,post,,Liverpool,Newcastle,364,361,LIV,NEW,0.80473,0.05681,0.13846,,,1,1,1.05,1.05,3.187,0.981,2.844,0.781,,
ENG-Premier League,2021,2021-04-24 Sheffield United-Brighton and Hove Albion,2021-04-24 19:00:00+00:00,post,,Sheffield United,Brighton and Hove Albion,398,331,SHEF,BHA,0.20027,0.52283,0.27689,,,1,0,1.05,0,0.793,1.946,0.527,2.129,,
ENG-Premier League,2021,2021-04-24 West Ham United-Chelsea,2021-04-24 16:30:00+00:00,post,,West Ham United,Chelsea,371,363,WHU,CHE,0.2906,0.45055,0.25884,,,0,1,0,1.05,0.373,2.493,0.384,1.596,,
ENG-Premier League,2021,2021-04-25 Aston Villa-West Bromwich Albion,2021-04-25 18:00:00+00:00,post,,Aston Villa,West Bromwich Albion,362,383,AVL,WBA,0.5712,0.19107,0.23773,,,2,2,2.1,2.1,2.812,1.618,3.034,0.742,,
ENG-Premier League,2021,2021-04-25 Leeds United-Manchester United,2021-04-25 13:00:00+00:00,post,,Leeds United,Manchester United,357,360,LEE,MAN,0.2642,0.49969,0.23611,,,0,0,0,0,0.258,1.047,0.313,2.284,,
ENG-Premier League,2021,2021-04-25 Wolverhampton-Burnley,2021-04-25 11:00:00+00:00,post,,Wolverhampton,Burnley,380,379,WOL,BRN,0.46774,0.25229,0.27996,,,0,4,0,3.819,0.468,2.247,0.369,1.521,,
ENG-Premier League,2021,2021-04-26 Leicester City-Crystal Palace,2021-04-26 19:00:00+00:00,post,,Leicester City,Crystal Palace,375,384,LEI,CRY,0.73635,0.07844,0.18521,,,2,1,2.1,1.05,1.21,0.641,1.985,0.42,,
ENG-Premier League,2021,2021-04-30 Southampton-Leicester City,2021-04-30 19:00:00+00:00,post,,Southampton,Leicester City,376,375,SOU,LEI,0.25076,0.49386,0.25538,,,1,1,1.05,0.84,0.945,2.617,0.259,2.404,,
ENG-Premier League,2021,2021-05-01 Brighton and Hove Albion-Leeds United,2021-05-01 14:00:00+00:00,post,,Brighton and Hove Albion,Leeds United,331,357,BHA,LEE,0.48515,0.2526,0.26225,,,2,0,1.865,0,2.527,0.631,1.498,0.506,,
ENG-Premier League,2021,2021-05-01 Chelsea-Fulham,2021-05-01 16:30:00+00:00,post,,Chelsea,Fulham,363,370,CHE,FUL,0.71693,0.07356,0.20951,,,2,0,2.1,0,1.794,0.301,1.167,1.208,,
ENG-Premier League,2021,2021-05-01 Crystal Palace-Manchester City,2021-05-01 11:30:00+00:00,post,,Crystal Palace,Manchester City,384,382,CRY,MNC,0.06325,0.79742,0.13933,,,0,2,0,2.1,0.511,1.906,0.726,1.715,,
ENG-Premier League,2021,2021-05-01 Everton-Aston Villa,2021-05-01 19:00:00+00:00,post,,Everton,Aston Villa,368,362,EVE,AVL,0.42387,0.30902,0.26711,,,1,2,1.05,2.1,1.329,1.858,1.427,1.421,,
ENG-Premier League,2021,2021-05-02 Newcastle-Arsenal,2021-05-02 13:00:00+00:00,post,,Newcastle,Arsenal,361,359,NEW,ARS,0.23284,0.51855,0.24861,,,0,2,0,2.1,0.266,1.902,0.64,1.823,,
ENG-Premier League,2021,2021-05-02 Tottenham Hotspur-Sheffield United,2021-05-02 18:15:00+00:00,post,,Tottenham Hotspur,Sheffield United,367,398,TOT,SHEF,0.68616,0.11172,0.20212,,,4,0,4.039,0,2.991,0.502,1.676,0.909,,
ENG-Premier League,2021,2021-05-03 Burnley-West Ham United,2021-05-03 19:15:00+00:00,post,,Burnley,West Ham United,379,371,BRN,WHU,0.32101,0.42518,0.2538,,,1,2,1.05,2.1,2.065,2.34,1.064,2.193,,
ENG-Premier League,2021,2021-05-03 West Bromwich Albion-Wolverhampton,2021-05-03 17:00:00+00:00,post,,West Bromwich Albion,Wolverhampton,383,380,WBA,WOL,0.34133,0.3819,0.27678,,,1,1,1.05,1.05,1.13,1.014,1.404,1.847,,
ENG-Premier League,2021,2021-05-07 Leicester City-Newcastle,2021-05-07 19:00:00+00:00,post,,Leicester City,Newcastle,375,361,LEI,NEW,0.69881,0.10074,0.20045,,,2,4,2.1,4.124,2.713,3.078,2.396,0.686,,
ENG-Premier League,2021,2021-05-08 Leeds United-Tottenham Hotspur,2021-05-08 11:30:00+00:00,post,,Leeds United,Tottenham Hotspur,357,367,LEE,TOT,0.31028,0.4488,0.24092,,,3,1,2.8,1.05,2.354,1.434,2.111,1.112,,
ENG-Premier League,2021,2021-05-08 Liverpool-Southampton,2021-05-08 19:15:00+00:00,post,,Liverpool,Southampton,364,376,LIV,SOU,0.78156,0.07062,0.14782,,,2,0,1.577,0,2.41,1.274,2.266,0.896,,
ENG-Premier League,2021,2021-05-08 Manchester City-Chelsea,2021-05-08 16:30:00+00:00,post,,Manchester City,Chelsea,382,363,MNC,CHE,0.47045,0.25443,0.27513,,,1,2,1.05,2.1,1.898,0.696,1.274,1.019,,
ENG-Premier League,2021,2021-05-08 Sheffield United-Crystal Palace,2021-05-08 14:00:00+00:00,post,,Sheffield United,Crystal Palace,398,384,SHEF,CRY,0.36613,0.33714,0.29673,,,0,2,0,1.644,0.747,2.044,0.546,1.907,,
ENG-Premier League,2021,2021-05-09 Arsenal-West Bromwich Albion,2021-05-09 18:00:00+00:00,post,,Arsenal,West Bromwich Albion,359,383,ARS,WBA,0.57103,0.19462,0.23436,,,3,1,2.635,1.05,1.212,1.894,1.064,0.893,,
ENG-Premier League,2021,2021-05-09 Aston Villa-Manchester United,2021-05-09 13:05:00+00:00,post,,Aston Villa,Manchester United,362,360,AVL,MAN,0.26056,0.4964,0.24304,,,1,3,1.05,2.71,0.549,1.825,0.772,2.174,,
ENG-Premier League,2021,2021-05-09 West Ham United-Everton,2021-05-09 15:30:00+00:00,post,,West Ham United,Everton,371,368,WHU,EVE,0.54657,0.21661,0.23682,,,0,1,0,1.05,1.119,1.685,1.572,0.946,,
ENG-Premier League,2021,2021-05-09 Wolverhampton-Brighton and Hove Albion,2021-05-09 11:00:00+00:00,post,,Wolverhampton,Brighton and Hove Albion,380,331,WOL,BHA,0.3202,0.37843,0.30138,,,2,1,1.68,1.05,1.262,0.36,1.813,1.41,,
ENG-Premier League,2021,2021-05-10 Fulham-Burnley,2021-05-10 19:00:00+00:00,post,,Fulham,Burnley,370,379,FUL,BRN,0.42382,0.29246,0.28372,,,0,2,0,2.1,1.003,1.979,2.762,1.877,,
ENG-Premier League,2021,2021-05-11 Manchester United-Leicester City,2021-05-11 17:00:00+00:00,post,,Manchester United,Leicester City,360,375,MAN,LEI,0.4915,0.26118,0.24732,,,1,2,1.05,2.1,0.246,1.173,0.532,1.082,,
ENG-Premier League,2021,2021-05-11 Southampton-Crystal Palace,2021-05-11 19:15:00+00:00,post,,Southampton,Crystal Palace,376,384,SOU,CRY,0.43087,0.30153,0.2676,,,3,1,3.042,1.05,1.454,1.398,0.815,1.533,,
ENG-Premier League,2021,2021-05-12 Chelsea-Arsenal,2021-05-12 19:15:00+00:00,post,,Chelsea,Arsenal,363,359,CHE,ARS,0.58189,0.16449,0.25362,,,0,1,0,1.05,1.78,0.675,2.859,0.615,,
ENG-Premier League,2021,2021-05-13 Aston Villa-Everton,2021-05-13 17:00:00+00:00,post,,Aston Villa,Everton,362,368,AVL,EVE,0.43168,0.30221,0.26611,,,0,0,0,0,0.669,1.107,1.21,2.064,,
ENG-Premier League,2021,2021-05-13 Manchester United-Liverpool,2021-05-13 19:15:00+00:00,post,,Manchester United,Liverpool,360,364,MAN,LIV,0.32793,0.4201,0.25197,,,2,4,2.1,3.694,2.315,3.596,1.833,1.485,,
ENG-Premier League,2021,2021-05-14 Newcastle-Manchester City,2021-05-14 19:00:00+00:00,post,,Newcastle,Manchester City,361,382,NEW,MNC,0.21693,0.56277,0.2203,,,3,4,3.15,4.2,2.615,1.641,0.95,1.956,,
ENG-Premier League,2021,2021-05-15 Brighton and Hove Albion-West Ham United,2021-05-15 19:00:00+00:00,post,,Brighton and Hove Albion,West Ham United,331,371,BHA,WHU,0.45327,0.28155,0.26518,,,1,1,1.05,1.05,0.723,1.949,1.401,2.096,,
ENG-Premier League,2021,2021-05-15 Burnley-Leeds United,2021-05-15 11:30:00+00:00,post,,Burnley,Leeds United,379,357,BRN,LEE,0.37727,0.37034,0.2524,,,0,4,0,3.82,1.391,1.889,2.068,1.54,,
ENG-Premier League,2021,2021-05-15 Southampton-Fulham,2021-05-15 14:00:00+00:00,post,,Southampton,Fulham,376,370,SOU,FUL,0.39064,0.33161,0.27775,,,3,1,2.837,1.05,1.991,0.825,1.719,1.424,,
ENG-Premier League,2021,2021-05-16 Crystal Palace-Aston Villa,2021-05-16 11:00:00+00:00,post,,Crystal Palace,Aston Villa,384,362,CRY,AVL,0.32883,0.40083,0.27034,,,3,2,3.15,2.1,1.905,1.409,1.534,1.896,,
ENG-Premier League,2021,2021-05-16 Everton-Sheffield United,2021-05-16 18:00:00+00:00,post,,Everton,Sheffield United,368,398,EVE,SHEF,0.49829,0.22771,0.274,,,0,1,0,1.05,1.641,1.247,1.694,1.315,,
ENG-Premier League,2021,2021-05-16 Tottenham Hotspur-Wolverhampton,2021-05-16 13:05:00+00:00,post,,Tottenham Hotspur,Wolverhampton,367,380,TOT,WOL,0.48302,0.26124,0.25574,,,2,0,2.1,0,3.933,1.032,1.691,1.111,,
ENG-Premier League,2021,2021-05-16 West Bromwich Albion-Liverpool,2021-05-16 15:30:00+00:00,post,,West Bromwich Albion,Liverpool,383,364,WBA,LIV,0.09251,0.75242,0.15507,,,1,2,1.05,2.1,1.303,2.309,1.227,3.632,,
ENG-Premier League,2021,2021-05-18 Brighton and Hove Albion-Manchester City,2021-05-18 18:00:00+00:00,post,,Brighton and Hove Albion,Manchester City,331,382,BHA,MNC,0.27228,0.46701,0.26072,,,3,2,2.52,2.1,1.224,1.045,2.437,0.75,,
ENG-Premier League,2021,2021-05-18 Chelsea-Leicester City,2021-05-18 19:15:00+00:00,post,,Chelsea,Leicester City,363,375,CHE,LEI,0.5666,0.18279,0.25061,,,2,1,2.1,1.05,2.775,1.166,1.331,0.846,,
ENG-Premier League,2021,2021-05-18 Manchester United-Fulham,2021-05-18 17:00:00+00:00,post,,Manchester United,Fulham,360,370,MAN,FUL,0.52524,0.22898,0.24578,,,1,1,1.05,1.05,0.855,0.999,1.14,0.511,,
ENG-Premier League,2021,2021-05-18 Southampton-Leeds United,2021-05-18 17:00:00+00:00,post,,Southampton,Leeds United,376,357,SOU,LEE,0.36628,0.38724,0.24648,,,0,2,0,1.575,1.354,1.699,1.303,1.426,,
ENG-Premier League,2021,2021-05-19 Burnley-Liverpool,2021-05-19 19:15:00+00:00,post,,Burnley,Liverpool,379,364,BRN,LIV,0.12841,0.68934,0.18225,,,0,3,0,2.679,1.061,3.308,1.876,2.828,,
ENG-Premier League,2021,2021-05-19 Crystal Palace-Arsenal,2021-05-19 18:00:00+00:00,post,,Crystal Palace,Arsenal,384,359,CRY,ARS,0.28227,0.4542,0.26354,,,1,3,1.05,2.625,1.155,1.847,1.473,1.215,,
ENG-Premier League,2021,2021-05-19 Everton-Wolverhampton,2021-05-19 17:00:00+00:00,post,,Everton,Wolverhampton,368,380,EVE,WOL,0.4072,0.30629,0.28651,,,1,0,1.05,0,0.739,0.401,1.288,0.949,,
ENG-Premier League,2021,2021-05-19 Newcastle-Sheffield United,2021-05-19 17:00:00+00:00,post,,Newcastle,Sheffield United,361,398,NEW,SHEF,0.46589,0.27195,0.26217,,,1,0,1.05,0,1.741,0.937,1.528,1.085,,
ENG-Premier League,2021,2021-05-19 Tottenham Hotspur-Aston Villa,2021-05-19 17:00:00+00:00,post,,Tottenham Hotspur,Aston Villa,367,362,TOT,AVL,0.44344,0.31345,0.24311,,,1,2,1.05,2.1,1.04,1.509,1.914,1.346,,
ENG-Premier League,2021,2021-05-19 West Bromwich Albion-West Ham United,2021-05-19 19:15:00+00:00,post,,West Bromwich Albion,West Ham United,383,371,WBA,WHU,0.32633,0.43066,0.243,,,1,3,1.05,2.698,1.14,3.459,1.544,1.414,,
ENG-Premier League,2021,2021-05-23 Arsenal-Brighton and Hove Albion,2021-05-23 15:00:00+00:00,post,,Arsenal,Brighton and Hove Albion,359,331,ARS,BHA,0.40999,0.30687,0.28314,,,2,0,2.1,0,0.771,0.199,2.261,0.577,,
ENG-Premier League,2021,2021-05-23 Aston Villa-Chelsea,2021-05-23 15:00:00+00:00,post,,Aston Villa,Chelsea,362,363,AVL,CHE,0.15007,0.62614,0.22379,,,2,1,2.1,1.05,1.004,4.105,0.79,2.709,,
ENG-Premier League,2021,2021-05-23 Fulham-Newcastle,2021-05-23 15:00:00+00:00,post,,Fulham,Newcastle,370,361,FUL,NEW,0.392,0.33684,0.27116,,,0,2,0,1.629,0.981,1.724,1.287,0.465,,
ENG-Premier League,2021,2021-05-23 Leeds United-West Bromwich Albion,2021-05-23 15:00:00+00:00,post,,Leeds United,West Bromwich Albion,357,383,LEE,WBA,0.48595,0.2768,0.23725,,,3,1,2.937,1.05,2.141,1.058,2.237,1.171,,
ENG-Premier League,2021,2021-05-23 Leicester City-Tottenham Hotspur,2021-05-23 15:00:00+00:00,post,,Leicester City,Tottenham Hotspur,375,367,LEI,TOT,0.54374,0.22458,0.23168,,,2,4,2.1,3.675,1.861,2.557,0.584,1.77,,
ENG-Premier League,2021,2021-05-23 Liverpool-Crystal Palace,2021-05-23 15:00:00+00:00,post,,Liverpool,Crystal Palace,364,384,LIV,CRY,0.83895,0.04468,0.11637,,,2,0,2.012,0,2.282,0.785,3.13,0.216,,
ENG-Premier League,2021,2021-05-23 Manchester City-Everton,2021-05-23 15:00:00+00:00,post,,Manchester City,Everton,382,368,MNC,EVE,0.54874,0.21476,0.2365,,,5,0,5.091,0,2.696,1.12,2.179,0.718,,
ENG-Premier League,2021,2021-05-23 Sheffield United-Burnley,2021-05-23 15:00:00+00:00,post,,Sheffield United,Burnley,398,379,SHEF,BRN,0.32493,0.39806,0.27701,,,1,0,1.05,0,0.449,0.732,0.968,1.55,,
ENG-Premier League,2021,2021-05-23 West Ham United-Southampton,2021-05-23 15:00:00+00:00,post,,West Ham United,Southampton,371,376,WHU,SOU,0.45753,0.30022,0.24225,,,3,0,2.749,0,2.125,1.64,0.726,1.533,,
ENG-Premier League,2021,2021-05-23 Wolverhampton-Manchester United,2021-05-23 15:00:00+00:00,post,,Wolverhampton,Manchester United,380,360,WOL,MAN,0.29097,0.44635,0.26268,,,1,2,1.05,2.1,1.112,2.002,1.235,1.058,,
